semantic_loop_id,primitive_loop_id,observed_independent_completion_events,analytical_expected_count,analytical_control,run_id,git_sha,contract_hash,data_snapshot_hash,dictionary_version,dictionary_hash,state_model_version,research_only,execution_enabled,order_placement,broker_connected,economic_outcomes_used,payoff_selection_used,production_runtime_modified,strategy_promotion,decision_id,symbol,session,decision_timestamp,event_timestamp,source_artifact,source_hash
loop_p_0-1-2-0,loop_p_0-1-2-0,934,504.336199912,first_order_oriented_raw_completion_expectation,fc05b0eb9dede535bf255bd8,ee04e735b09f237a4a415c75cbf5c4569a921ed6,dfb2abfbd0d5b5431e372074ac76155f3b014339202325da0f365007267a4de8,48d2141ef993928d4e8a01d6b3c24dff665280c67f4167115b453613460cc661,semantic_loop_dictionary_first_event_v2,9f39bf57c2637dfa7f465103306ac6c7d17a321a036b175cc222dc1a204cd918,causal_semimarkov_posterior_export_v2_tail78,True,False,disabled,False,False,False,False,False,not_applicable,not_applicable,not_applicable,,,first-order development state process,48d2141ef993928d4e8a01d6b3c24dff665280c67f4167115b453613460cc661
loop_p_0-1-2-3-0,loop_p_0-1-2-3-0,261,235.122718345,first_order_oriented_raw_completion_expectation,fc05b0eb9dede535bf255bd8,ee04e735b09f237a4a415c75cbf5c4569a921ed6,dfb2abfbd0d5b5431e372074ac76155f3b014339202325da0f365007267a4de8,48d2141ef993928d4e8a01d6b3c24dff665280c67f4167115b453613460cc661,semantic_loop_dictionary_first_event_v2,9f39bf57c2637dfa7f465103306ac6c7d17a321a036b175cc222dc1a204cd918,causal_semimarkov_posterior_export_v2_tail78,True,False,disabled,False,False,False,False,False,not_applicable,not_applicable,not_applicable,,,first-order development state process,48d2141ef993928d4e8a01d6b3c24dff665280c67f4167115b453613460cc661
loop_p_0-1-3-0,loop_p_0-1-3-0,1297,883.176116701,first_order_oriented_raw_completion_expectation,fc05b0eb9dede535bf255bd8,ee04e735b09f237a4a415c75cbf5c4569a921ed6,dfb2abfbd0d5b5431e372074ac76155f3b014339202325da0f365007267a4de8,48d2141ef993928d4e8a01d6b3c24dff665280c67f4167115b453613460cc661,semantic_loop_dictionary_first_event_v2,9f39bf57c2637dfa7f465103306ac6c7d17a321a036b175cc222dc1a204cd918,causal_semimarkov_posterior_export_v2_tail78,True,False,disabled,False,False,False,False,False,not_applicable,not_applicable,not_applicable,,,first-order development state process,48d2141ef993928d4e8a01d6b3c24dff665280c67f4167115b453613460cc661
loop_p_0-1-4-0,loop_p_0-1-4-0,102,67.6654787836,first_order_oriented_raw_completion_expectation,fc05b0eb9dede535bf255bd8,ee04e735b09f237a4a415c75cbf5c4569a921ed6,dfb2abfbd0d5b5431e372074ac76155f3b014339202325da0f365007267a4de8,48d2141ef993928d4e8a01d6b3c24dff665280c67f4167115b453613460cc661,semantic_loop_dictionary_first_event_v2,9f39bf57c2637dfa7f465103306ac6c7d17a321a036b175cc222dc1a204cd918,causal_semimarkov_posterior_export_v2_tail78,True,False,disabled,False,False,False,False,False,not_applicable,not_applicable,not_applicable,,,first-order development state process,48d2141ef993928d4e8a01d6b3c24dff665280c67f4167115b453613460cc661
loop_p_0-1-4-2-0,loop_p_0-1-4-2-0,137,91.0946238107,first_order_oriented_raw_completion_expectation,fc05b0eb9dede535bf255bd8,ee04e735b09f237a4a415c75cbf5c4569a921ed6,dfb2abfbd0d5b5431e372074ac76155f3b014339202325da0f365007267a4de8,48d2141ef993928d4e8a01d6b3c24dff665280c67f4167115b453613460cc661,semantic_loop_dictionary_first_event_v2,9f39bf57c2637dfa7f465103306ac6c7d17a321a036b175cc222dc1a204cd918,causal_semimarkov_posterior_export_v2_tail78,True,False,disabled,False,False,False,False,False,not_applicable,not_applicable,not_applicable,,,first-order development state process,48d2141ef993928d4e8a01d6b3c24dff665280c67f4167115b453613460cc661
loop_p_0-2-0,loop_p_0-2-0,484,160.46875477,first_order_oriented_raw_completion_expectation,fc05b0eb9dede535bf255bd8,ee04e735b09f237a4a415c75cbf5c4569a921ed6,dfb2abfbd0d5b5431e372074ac76155f3b014339202325da0f365007267a4de8,48d2141ef993928d4e8a01d6b3c24dff665280c67f4167115b453613460cc661,semantic_loop_dictionary_first_event_v2,9f39bf57c2637dfa7f465103306ac6c7d17a321a036b175cc222dc1a204cd918,causal_semimarkov_posterior_export_v2_tail78,True,False,disabled,False,False,False,False,False,not_applicable,not_applicable,not_applicable,,,first-order development state process,48d2141ef993928d4e8a01d6b3c24dff665280c67f4167115b453613460cc661
loop_p_0-2-1-0,loop_p_0-2-1-0,368,225.843102311,first_order_oriented_raw_completion_expectation,fc05b0eb9dede535bf255bd8,ee04e735b09f237a4a415c75cbf5c4569a921ed6,dfb2abfbd0d5b5431e372074ac76155f3b014339202325da0f365007267a4de8,48d2141ef993928d4e8a01d6b3c24dff665280c67f4167115b453613460cc661,semantic_loop_dictionary_first_event_v2,9f39bf57c2637dfa7f465103306ac6c7d17a321a036b175cc222dc1a204cd918,causal_semimarkov_posterior_export_v2_tail78,True,False,disabled,False,False,False,False,False,not_applicable,not_applicable,not_applicable,,,first-order development state process,48d2141ef993928d4e8a01d6b3c24dff665280c67f4167115b453613460cc661
loop_p_0-2-1-3-0,loop_p_0-2-1-3-0,113,70.0271725928,first_order_oriented_raw_completion_expectation,fc05b0eb9dede535bf255bd8,ee04e735b09f237a4a415c75cbf5c4569a921ed6,dfb2abfbd0d5b5431e372074ac76155f3b014339202325da0f365007267a4de8,48d2141ef993928d4e8a01d6b3c24dff665280c67f4167115b453613460cc661,semantic_loop_dictionary_first_event_v2,9f39bf57c2637dfa7f465103306ac6c7d17a321a036b175cc222dc1a204cd918,causal_semimarkov_posterior_export_v2_tail78,True,False,disabled,False,False,False,False,False,not_applicable,not_applicable,not_applicable,,,first-order development state process,48d2141ef993928d4e8a01d6b3c24dff665280c67f4167115b453613460cc661
loop_p_0-2-3-0,loop_p_0-2-3-0,168,92.9556842835,first_order_oriented_raw_completion_expectation,fc05b0eb9dede535bf255bd8,ee04e735b09f237a4a415c75cbf5c4569a921ed6,dfb2abfbd0d5b5431e372074ac76155f3b014339202325da0f365007267a4de8,48d2141ef993928d4e8a01d6b3c24dff665280c67f4167115b453613460cc661,semantic_loop_dictionary_first_event_v2,9f39bf57c2637dfa7f465103306ac6c7d17a321a036b175cc222dc1a204cd918,causal_semimarkov_posterior_export_v2_tail78,True,False,disabled,False,False,False,False,False,not_applicable,not_applicable,not_applicable,,,first-order development state process,48d2141ef993928d4e8a01d6b3c24dff665280c67f4167115b453613460cc661
loop_p_0-3-0,loop_p_0-3-0,2330,1113.60870943,first_order_oriented_raw_completion_expectation,fc05b0eb9dede535bf255bd8,ee04e735b09f237a4a415c75cbf5c4569a921ed6,dfb2abfbd0d5b5431e372074ac76155f3b014339202325da0f365007267a4de8,48d2141ef993928d4e8a01d6b3c24dff665280c67f4167115b453613460cc661,semantic_loop_dictionary_first_event_v2,9f39bf57c2637dfa7f465103306ac6c7d17a321a036b175cc222dc1a204cd918,causal_semimarkov_posterior_export_v2_tail78,True,False,disabled,False,False,False,False,False,not_applicable,not_applicable,not_applicable,,,first-order development state process,48d2141ef993928d4e8a01d6b3c24dff665280c67f4167115b453613460cc661
loop_p_0-3-1-0,loop_p_0-3-1-0,1552,1019.94694382,first_order_oriented_raw_completion_expectation,fc05b0eb9dede535bf255bd8,ee04e735b09f237a4a415c75cbf5c4569a921ed6,dfb2abfbd0d5b5431e372074ac76155f3b014339202325da0f365007267a4de8,48d2141ef993928d4e8a01d6b3c24dff665280c67f4167115b453613460cc661,semantic_loop_dictionary_first_event_v2,9f39bf57c2637dfa7f465103306ac6c7d17a321a036b175cc222dc1a204cd918,causal_semimarkov_posterior_export_v2_tail78,True,False,disabled,False,False,False,False,False,not_applicable,not_applicable,not_applicable,,,first-order development state process,48d2141ef993928d4e8a01d6b3c24dff665280c67f4167115b453613460cc661
loop_p_0-3-1-2-0,loop_p_0-3-1-2-0,427,180.596848506,first_order_oriented_raw_completion_expectation,fc05b0eb9dede535bf255bd8,ee04e735b09f237a4a415c75cbf5c4569a921ed6,dfb2abfbd0d5b5431e372074ac76155f3b014339202325da0f365007267a4de8,48d2141ef993928d4e8a01d6b3c24dff665280c67f4167115b453613460cc661,semantic_loop_dictionary_first_event_v2,9f39bf57c2637dfa7f465103306ac6c7d17a321a036b175cc222dc1a204cd918,causal_semimarkov_posterior_export_v2_tail78,True,False,disabled,False,False,False,False,False,not_applicable,not_applicable,not_applicable,,,first-order development state process,48d2141ef993928d4e8a01d6b3c24dff665280c67f4167115b453613460cc661
loop_p_0-3-2-0,loop_p_0-3-2-0,109,97.0319901573,first_order_oriented_raw_completion_expectation,fc05b0eb9dede535bf255bd8,ee04e735b09f237a4a415c75cbf5c4569a921ed6,dfb2abfbd0d5b5431e372074ac76155f3b014339202325da0f365007267a4de8,48d2141ef993928d4e8a01d6b3c24dff665280c67f4167115b453613460cc661,semantic_loop_dictionary_first_event_v2,9f39bf57c2637dfa7f465103306ac6c7d17a321a036b175cc222dc1a204cd918,causal_semimarkov_posterior_export_v2_tail78,True,False,disabled,False,False,False,False,False,not_applicable,not_applicable,not_applicable,,,first-order development state process,48d2141ef993928d4e8a01d6b3c24dff665280c67f4167115b453613460cc661
loop_p_0-3-2-1-0,loop_p_0-3-2-1-0,73,109.905713501,first_order_oriented_raw_completion_expectation,fc05b0eb9dede535bf255bd8,ee04e735b09f237a4a415c75cbf5c4569a921ed6,dfb2abfbd0d5b5431e372074ac76155f3b014339202325da0f365007267a4de8,48d2141ef993928d4e8a01d6b3c24dff665280c67f4167115b453613460cc661,semantic_loop_dictionary_first_event_v2,9f39bf57c2637dfa7f465103306ac6c7d17a321a036b175cc222dc1a204cd918,causal_semimarkov_posterior_export_v2_tail78,True,False,disabled,False,False,False,False,False,not_applicable,not_applicable,not_applicable,,,first-order development state process,48d2141ef993928d4e8a01d6b3c24dff665280c67f4167115b453613460cc661
loop_p_0-3-4-0,loop_p_0-3-4-0,88,66.3890545947,first_order_oriented_raw_completion_expectation,fc05b0eb9dede535bf255bd8,ee04e735b09f237a4a415c75cbf5c4569a921ed6,dfb2abfbd0d5b5431e372074ac76155f3b014339202325da0f365007267a4de8,48d2141ef993928d4e8a01d6b3c24dff665280c67f4167115b453613460cc661,semantic_loop_dictionary_first_event_v2,9f39bf57c2637dfa7f465103306ac6c7d17a321a036b175cc222dc1a204cd918,causal_semimarkov_posterior_export_v2_tail78,True,False,disabled,False,False,False,False,False,not_applicable,not_applicable,not_applicable,,,first-order development state process,48d2141ef993928d4e8a01d6b3c24dff665280c67f4167115b453613460cc661
loop_p_0-3-4-1-0,loop_p_0-3-4-1-0,101,124.32111072,first_order_oriented_raw_completion_expectation,fc05b0eb9dede535bf255bd8,ee04e735b09f237a4a415c75cbf5c4569a921ed6,dfb2abfbd0d5b5431e372074ac76155f3b014339202325da0f365007267a4de8,48d2141ef993928d4e8a01d6b3c24dff665280c67f4167115b453613460cc661,semantic_loop_dictionary_first_event_v2,9f39bf57c2637dfa7f465103306ac6c7d17a321a036b175cc222dc1a204cd918,causal_semimarkov_posterior_export_v2_tail78,True,False,disabled,False,False,False,False,False,not_applicable,not_applicable,not_applicable,,,first-order development state process,48d2141ef993928d4e8a01d6b3c24dff665280c67f4167115b453613460cc661
loop_p_0-3-4-2-0,loop_p_0-3-4-2-0,93,90.3634420036,first_order_oriented_raw_completion_expectation,fc05b0eb9dede535bf255bd8,ee04e735b09f237a4a415c75cbf5c4569a921ed6,dfb2abfbd0d5b5431e372074ac76155f3b014339202325da0f365007267a4de8,48d2141ef993928d4e8a01d6b3c24dff665280c67f4167115b453613460cc661,semantic_loop_dictionary_first_event_v2,9f39bf57c2637dfa7f465103306ac6c7d17a321a036b175cc222dc1a204cd918,causal_semimarkov_posterior_export_v2_tail78,True,False,disabled,False,False,False,False,False,not_applicable,not_applicable,not_applicable,,,first-order development state process,48d2141ef993928d4e8a01d6b3c24dff665280c67f4167115b453613460cc661
loop_p_0-4-0,loop_p_0-4-0,270,62.1483005331,first_order_oriented_raw_completion_expectation,fc05b0eb9dede535bf255bd8,ee04e735b09f237a4a415c75cbf5c4569a921ed6,dfb2abfbd0d5b5431e372074ac76155f3b014339202325da0f365007267a4de8,48d2141ef993928d4e8a01d6b3c24dff665280c67f4167115b453613460cc661,semantic_loop_dictionary_first_event_v2,9f39bf57c2637dfa7f465103306ac6c7d17a321a036b175cc222dc1a204cd918,causal_semimarkov_posterior_export_v2_tail78,True,False,disabled,False,False,False,False,False,not_applicable,not_applicable,not_applicable,,,first-order development state process,48d2141ef993928d4e8a01d6b3c24dff665280c67f4167115b453613460cc661
loop_p_0-4-1-0,loop_p_0-4-1-0,273,144.472854573,first_order_oriented_raw_completion_expectation,fc05b0eb9dede535bf255bd8,ee04e735b09f237a4a415c75cbf5c4569a921ed6,dfb2abfbd0d5b5431e372074ac76155f3b014339202325da0f365007267a4de8,48d2141ef993928d4e8a01d6b3c24dff665280c67f4167115b453613460cc661,semantic_loop_dictionary_first_event_v2,9f39bf57c2637dfa7f465103306ac6c7d17a321a036b175cc222dc1a204cd918,causal_semimarkov_posterior_export_v2_tail78,True,False,disabled,False,False,False,False,False,not_applicable,not_applicable,not_applicable,,,first-order development state process,48d2141ef993928d4e8a01d6b3c24dff665280c67f4167115b453613460cc661
loop_p_0-4-1-2-0,loop_p_0-4-1-2-0,87,25.9829842902,first_order_oriented_raw_completion_expectation,fc05b0eb9dede535bf255bd8,ee04e735b09f237a4a415c75cbf5c4569a921ed6,dfb2abfbd0d5b5431e372074ac76155f3b014339202325da0f365007267a4de8,48d2141ef993928d4e8a01d6b3c24dff665280c67f4167115b453613460cc661,semantic_loop_dictionary_first_event_v2,9f39bf57c2637dfa7f465103306ac6c7d17a321a036b175cc222dc1a204cd918,causal_semimarkov_posterior_export_v2_tail78,True,False,disabled,False,False,False,False,False,not_applicable,not_applicable,not_applicable,,,first-order development state process,48d2141ef993928d4e8a01d6b3c24dff665280c67f4167115b453613460cc661
loop_p_0-4-1-3-0,loop_p_0-4-1-3-0,112,44.9419825075,first_order_oriented_raw_completion_expectation,fc05b0eb9dede535bf255bd8,ee04e735b09f237a4a415c75cbf5c4569a921ed6,dfb2abfbd0d5b5431e372074ac76155f3b014339202325da0f365007267a4de8,48d2141ef993928d4e8a01d6b3c24dff665280c67f4167115b453613460cc661,semantic_loop_dictionary_first_event_v2,9f39bf57c2637dfa7f465103306ac6c7d17a321a036b175cc222dc1a204cd918,causal_semimarkov_posterior_export_v2_tail78,True,False,disabled,False,False,False,False,False,not_applicable,not_applicable,not_applicable,,,first-order development state process,48d2141ef993928d4e8a01d6b3c24dff665280c67f4167115b453613460cc661
loop_p_0-4-2-0,loop_p_0-4-2-0,223,102.322277363,first_order_oriented_raw_completion_expectation,fc05b0eb9dede535bf255bd8,ee04e735b09f237a4a415c75cbf5c4569a921ed6,dfb2abfbd0d5b5431e372074ac76155f3b014339202325da0f365007267a4de8,48d2141ef993928d4e8a01d6b3c24dff665280c67f4167115b453613460cc661,semantic_loop_dictionary_first_event_v2,9f39bf57c2637dfa7f465103306ac6c7d17a321a036b175cc222dc1a204cd918,causal_semimarkov_posterior_export_v2_tail78,True,False,disabled,False,False,False,False,False,not_applicable,not_applicable,not_applicable,,,first-order development state process,48d2141ef993928d4e8a01d6b3c24dff665280c67f4167115b453613460cc661
loop_p_0-4-2-1-0,loop_p_0-4-2-1-0,178,117.970255044,first_order_oriented_raw_completion_expectation,fc05b0eb9dede535bf255bd8,ee04e735b09f237a4a415c75cbf5c4569a921ed6,dfb2abfbd0d5b5431e372074ac76155f3b014339202325da0f365007267a4de8,48d2141ef993928d4e8a01d6b3c24dff665280c67f4167115b453613460cc661,semantic_loop_dictionary_first_event_v2,9f39bf57c2637dfa7f465103306ac6c7d17a321a036b175cc222dc1a204cd918,causal_semimarkov_posterior_export_v2_tail78,True,False,disabled,False,False,False,False,False,not_applicable,not_applicable,not_applicable,,,first-order development state process,48d2141ef993928d4e8a01d6b3c24dff665280c67f4167115b453613460cc661
loop_p_0-4-2-1-3-0,loop_p_0-4-2-1-3-0,91,33.6737469699,first_order_oriented_raw_completion_expectation,fc05b0eb9dede535bf255bd8,ee04e735b09f237a4a415c75cbf5c4569a921ed6,dfb2abfbd0d5b5431e372074ac76155f3b014339202325da0f365007267a4de8,48d2141ef993928d4e8a01d6b3c24dff665280c67f4167115b453613460cc661,semantic_loop_dictionary_first_event_v2,9f39bf57c2637dfa7f465103306ac6c7d17a321a036b175cc222dc1a204cd918,causal_semimarkov_posterior_export_v2_tail78,True,False,disabled,False,False,False,False,False,not_applicable,not_applicable,not_applicable,,,first-order development state process,48d2141ef993928d4e8a01d6b3c24dff665280c67f4167115b453613460cc661
loop_p_0-4-2-3-0,loop_p_0-4-2-3-0,98,49.1150738593,first_order_oriented_raw_completion_expectation,fc05b0eb9dede535bf255bd8,ee04e735b09f237a4a415c75cbf5c4569a921ed6,dfb2abfbd0d5b5431e372074ac76155f3b014339202325da0f365007267a4de8,48d2141ef993928d4e8a01d6b3c24dff665280c67f4167115b453613460cc661,semantic_loop_dictionary_first_event_v2,9f39bf57c2637dfa7f465103306ac6c7d17a321a036b175cc222dc1a204cd918,causal_semimarkov_posterior_export_v2_tail78,True,False,disabled,False,False,False,False,False,not_applicable,not_applicable,not_applicable,,,first-order development state process,48d2141ef993928d4e8a01d6b3c24dff665280c67f4167115b453613460cc661
loop_p_0-4-3-0,loop_p_0-4-3-0,198,123.670476225,first_order_oriented_raw_completion_expectation,fc05b0eb9dede535bf255bd8,ee04e735b09f237a4a415c75cbf5c4569a921ed6,dfb2abfbd0d5b5431e372074ac76155f3b014339202325da0f365007267a4de8,48d2141ef993928d4e8a01d6b3c24dff665280c67f4167115b453613460cc661,semantic_loop_dictionary_first_event_v2,9f39bf57c2637dfa7f465103306ac6c7d17a321a036b175cc222dc1a204cd918,causal_semimarkov_posterior_export_v2_tail78,True,False,disabled,False,False,False,False,False,not_applicable,not_applicable,not_applicable,,,first-order development state process,48d2141ef993928d4e8a01d6b3c24dff665280c67f4167115b453613460cc661
loop_p_0-4-3-1-0,loop_p_0-4-3-1-0,106,94.5647392476,first_order_oriented_raw_completion_expectation,fc05b0eb9dede535bf255bd8,ee04e735b09f237a4a415c75cbf5c4569a921ed6,dfb2abfbd0d5b5431e372074ac76155f3b014339202325da0f365007267a4de8,48d2141ef993928d4e8a01d6b3c24dff665280c67f4167115b453613460cc661,semantic_loop_dictionary_first_event_v2,9f39bf57c2637dfa7f465103306ac6c7d17a321a036b175cc222dc1a204cd918,causal_semimarkov_posterior_export_v2_tail78,True,False,disabled,False,False,False,False,False,not_applicable,not_applicable,not_applicable,,,first-order development state process,48d2141ef993928d4e8a01d6b3c24dff665280c67f4167115b453613460cc661
loop_p_1-2-1,loop_p_1-2-1,6843,3898.35428636,first_order_oriented_raw_completion_expectation,fc05b0eb9dede535bf255bd8,ee04e735b09f237a4a415c75cbf5c4569a921ed6,dfb2abfbd0d5b5431e372074ac76155f3b014339202325da0f365007267a4de8,48d2141ef993928d4e8a01d6b3c24dff665280c67f4167115b453613460cc661,semantic_loop_dictionary_first_event_v2,9f39bf57c2637dfa7f465103306ac6c7d17a321a036b175cc222dc1a204cd918,causal_semimarkov_posterior_export_v2_tail78,True,False,disabled,False,False,False,False,False,not_applicable,not_applicable,not_applicable,,,first-order development state process,48d2141ef993928d4e8a01d6b3c24dff665280c67f4167115b453613460cc661
loop_p_1-2-3-1,loop_p_1-2-3-1,2094,1312.98175177,first_order_oriented_raw_completion_expectation,fc05b0eb9dede535bf255bd8,ee04e735b09f237a4a415c75cbf5c4569a921ed6,dfb2abfbd0d5b5431e372074ac76155f3b014339202325da0f365007267a4de8,48d2141ef993928d4e8a01d6b3c24dff665280c67f4167115b453613460cc661,semantic_loop_dictionary_first_event_v2,9f39bf57c2637dfa7f465103306ac6c7d17a321a036b175cc222dc1a204cd918,causal_semimarkov_posterior_export_v2_tail78,True,False,disabled,False,False,False,False,False,not_applicable,not_applicable,not_applicable,,,first-order development state process,48d2141ef993928d4e8a01d6b3c24dff665280c67f4167115b453613460cc661
loop_p_1-2-3-4-1,loop_p_1-2-3-4-1,381,153.601089543,first_order_oriented_raw_completion_expectation,fc05b0eb9dede535bf255bd8,ee04e735b09f237a4a415c75cbf5c4569a921ed6,dfb2abfbd0d5b5431e372074ac76155f3b014339202325da0f365007267a4de8,48d2141ef993928d4e8a01d6b3c24dff665280c67f4167115b453613460cc661,semantic_loop_dictionary_first_event_v2,9f39bf57c2637dfa7f465103306ac6c7d17a321a036b175cc222dc1a204cd918,causal_semimarkov_posterior_export_v2_tail78,True,False,disabled,False,False,False,False,False,not_applicable,not_applicable,not_applicable,,,first-order development state process,48d2141ef993928d4e8a01d6b3c24dff665280c67f4167115b453613460cc661
loop_p_1-2-4-1,loop_p_1-2-4-1,987,565.480087229,first_order_oriented_raw_completion_expectation,fc05b0eb9dede535bf255bd8,ee04e735b09f237a4a415c75cbf5c4569a921ed6,dfb2abfbd0d5b5431e372074ac76155f3b014339202325da0f365007267a4de8,48d2141ef993928d4e8a01d6b3c24dff665280c67f4167115b453613460cc661,semantic_loop_dictionary_first_event_v2,9f39bf57c2637dfa7f465103306ac6c7d17a321a036b175cc222dc1a204cd918,causal_semimarkov_posterior_export_v2_tail78,True,False,disabled,False,False,False,False,False,not_applicable,not_applicable,not_applicable,,,first-order development state process,48d2141ef993928d4e8a01d6b3c24dff665280c67f4167115b453613460cc661
loop_p_1-2-4-3-1,loop_p_1-2-4-3-1,418,353.705826791,first_order_oriented_raw_completion_expectation,fc05b0eb9dede535bf255bd8,ee04e735b09f237a4a415c75cbf5c4569a921ed6,dfb2abfbd0d5b5431e372074ac76155f3b014339202325da0f365007267a4de8,48d2141ef993928d4e8a01d6b3c24dff665280c67f4167115b453613460cc661,semantic_loop_dictionary_first_event_v2,9f39bf57c2637dfa7f465103306ac6c7d17a321a036b175cc222dc1a204cd918,causal_semimarkov_posterior_export_v2_tail78,True,False,disabled,False,False,False,False,False,not_applicable,not_applicable,not_applicable,,,first-order development state process,48d2141ef993928d4e8a01d6b3c24dff665280c67f4167115b453613460cc661
loop_p_1-2-4-6-3-1,loop_p_1-2-4-6-3-1,72,102.662394627,first_order_oriented_raw_completion_expectation,fc05b0eb9dede535bf255bd8,ee04e735b09f237a4a415c75cbf5c4569a921ed6,dfb2abfbd0d5b5431e372074ac76155f3b014339202325da0f365007267a4de8,48d2141ef993928d4e8a01d6b3c24dff665280c67f4167115b453613460cc661,semantic_loop_dictionary_first_event_v2,9f39bf57c2637dfa7f465103306ac6c7d17a321a036b175cc222dc1a204cd918,causal_semimarkov_posterior_export_v2_tail78,True,False,disabled,False,False,False,False,False,not_applicable,not_applicable,not_applicable,,,first-order development state process,48d2141ef993928d4e8a01d6b3c24dff665280c67f4167115b453613460cc661
loop_p_1-2-6-3-1,loop_p_1-2-6-3-1,74,118.503721153,first_order_oriented_raw_completion_expectation,fc05b0eb9dede535bf255bd8,ee04e735b09f237a4a415c75cbf5c4569a921ed6,dfb2abfbd0d5b5431e372074ac76155f3b014339202325da0f365007267a4de8,48d2141ef993928d4e8a01d6b3c24dff665280c67f4167115b453613460cc661,semantic_loop_dictionary_first_event_v2,9f39bf57c2637dfa7f465103306ac6c7d17a321a036b175cc222dc1a204cd918,causal_semimarkov_posterior_export_v2_tail78,True,False,disabled,False,False,False,False,False,not_applicable,not_applicable,not_applicable,,,first-order development state process,48d2141ef993928d4e8a01d6b3c24dff665280c67f4167115b453613460cc661
loop_p_1-3-1,loop_p_1-3-1,7743,4639.75019435,first_order_oriented_raw_completion_expectation,fc05b0eb9dede535bf255bd8,ee04e735b09f237a4a415c75cbf5c4569a921ed6,dfb2abfbd0d5b5431e372074ac76155f3b014339202325da0f365007267a4de8,48d2141ef993928d4e8a01d6b3c24dff665280c67f4167115b453613460cc661,semantic_loop_dictionary_first_event_v2,9f39bf57c2637dfa7f465103306ac6c7d17a321a036b175cc222dc1a204cd918,causal_semimarkov_posterior_export_v2_tail78,True,False,disabled,False,False,False,False,False,not_applicable,not_applicable,not_applicable,,,first-order development state process,48d2141ef993928d4e8a01d6b3c24dff665280c67f4167115b453613460cc661
loop_p_1-3-2-1,loop_p_1-3-2-1,765,531.439830854,first_order_oriented_raw_completion_expectation,fc05b0eb9dede535bf255bd8,ee04e735b09f237a4a415c75cbf5c4569a921ed6,dfb2abfbd0d5b5431e372074ac76155f3b014339202325da0f365007267a4de8,48d2141ef993928d4e8a01d6b3c24dff665280c67f4167115b453613460cc661,semantic_loop_dictionary_first_event_v2,9f39bf57c2637dfa7f465103306ac6c7d17a321a036b175cc222dc1a204cd918,causal_semimarkov_posterior_export_v2_tail78,True,False,disabled,False,False,False,False,False,not_applicable,not_applicable,not_applicable,,,first-order development state process,48d2141ef993928d4e8a01d6b3c24dff665280c67f4167115b453613460cc661
loop_p_1-3-2-4-1,loop_p_1-3-2-4-1,62,68.8698973674,first_order_oriented_raw_completion_expectation,fc05b0eb9dede535bf255bd8,ee04e735b09f237a4a415c75cbf5c4569a921ed6,dfb2abfbd0d5b5431e372074ac76155f3b014339202325da0f365007267a4de8,48d2141ef993928d4e8a01d6b3c24dff665280c67f4167115b453613460cc661,semantic_loop_dictionary_first_event_v2,9f39bf57c2637dfa7f465103306ac6c7d17a321a036b175cc222dc1a204cd918,causal_semimarkov_posterior_export_v2_tail78,True,False,disabled,False,False,False,False,False,not_applicable,not_applicable,not_applicable,,,first-order development state process,48d2141ef993928d4e8a01d6b3c24dff665280c67f4167115b453613460cc661
loop_p_1-3-4-1,loop_p_1-3-4-1,1019,597.346568001,first_order_oriented_raw_completion_expectation,fc05b0eb9dede535bf255bd8,ee04e735b09f237a4a415c75cbf5c4569a921ed6,dfb2abfbd0d5b5431e372074ac76155f3b014339202325da0f365007267a4de8,48d2141ef993928d4e8a01d6b3c24dff665280c67f4167115b453613460cc661,semantic_loop_dictionary_first_event_v2,9f39bf57c2637dfa7f465103306ac6c7d17a321a036b175cc222dc1a204cd918,causal_semimarkov_posterior_export_v2_tail78,True,False,disabled,False,False,False,False,False,not_applicable,not_applicable,not_applicable,,,first-order development state process,48d2141ef993928d4e8a01d6b3c24dff665280c67f4167115b453613460cc661
loop_p_1-3-4-2-1,loop_p_1-3-4-2-1,579,463.834547008,first_order_oriented_raw_completion_expectation,fc05b0eb9dede535bf255bd8,ee04e735b09f237a4a415c75cbf5c4569a921ed6,dfb2abfbd0d5b5431e372074ac76155f3b014339202325da0f365007267a4de8,48d2141ef993928d4e8a01d6b3c24dff665280c67f4167115b453613460cc661,semantic_loop_dictionary_first_event_v2,9f39bf57c2637dfa7f465103306ac6c7d17a321a036b175cc222dc1a204cd918,causal_semimarkov_posterior_export_v2_tail78,True,False,disabled,False,False,False,False,False,not_applicable,not_applicable,not_applicable,,,first-order development state process,48d2141ef993928d4e8a01d6b3c24dff665280c67f4167115b453613460cc661
loop_p_1-3-6-4-1,loop_p_1-3-6-4-1,91,117.330550413,first_order_oriented_raw_completion_expectation,fc05b0eb9dede535bf255bd8,ee04e735b09f237a4a415c75cbf5c4569a921ed6,dfb2abfbd0d5b5431e372074ac76155f3b014339202325da0f365007267a4de8,48d2141ef993928d4e8a01d6b3c24dff665280c67f4167115b453613460cc661,semantic_loop_dictionary_first_event_v2,9f39bf57c2637dfa7f465103306ac6c7d17a321a036b175cc222dc1a204cd918,causal_semimarkov_posterior_export_v2_tail78,True,False,disabled,False,False,False,False,False,not_applicable,not_applicable,not_applicable,,,first-order development state process,48d2141ef993928d4e8a01d6b3c24dff665280c67f4167115b453613460cc661
loop_p_1-4-1,loop_p_1-4-1,2055,856.748936508,first_order_oriented_raw_completion_expectation,fc05b0eb9dede535bf255bd8,ee04e735b09f237a4a415c75cbf5c4569a921ed6,dfb2abfbd0d5b5431e372074ac76155f3b014339202325da0f365007267a4de8,48d2141ef993928d4e8a01d6b3c24dff665280c67f4167115b453613460cc661,semantic_loop_dictionary_first_event_v2,9f39bf57c2637dfa7f465103306ac6c7d17a321a036b175cc222dc1a204cd918,causal_semimarkov_posterior_export_v2_tail78,True,False,disabled,False,False,False,False,False,not_applicable,not_applicable,not_applicable,,,first-order development state process,48d2141ef993928d4e8a01d6b3c24dff665280c67f4167115b453613460cc661
loop_p_1-4-2-1,loop_p_1-4-2-1,1369,747.169118211,first_order_oriented_raw_completion_expectation,fc05b0eb9dede535bf255bd8,ee04e735b09f237a4a415c75cbf5c4569a921ed6,dfb2abfbd0d5b5431e372074ac76155f3b014339202325da0f365007267a4de8,48d2141ef993928d4e8a01d6b3c24dff665280c67f4167115b453613460cc661,semantic_loop_dictionary_first_event_v2,9f39bf57c2637dfa7f465103306ac6c7d17a321a036b175cc222dc1a204cd918,causal_semimarkov_posterior_export_v2_tail78,True,False,disabled,False,False,False,False,False,not_applicable,not_applicable,not_applicable,,,first-order development state process,48d2141ef993928d4e8a01d6b3c24dff665280c67f4167115b453613460cc661
loop_p_1-4-2-3-1,loop_p_1-4-2-3-1,434,224.820351188,first_order_oriented_raw_completion_expectation,fc05b0eb9dede535bf255bd8,ee04e735b09f237a4a415c75cbf5c4569a921ed6,dfb2abfbd0d5b5431e372074ac76155f3b014339202325da0f365007267a4de8,48d2141ef993928d4e8a01d6b3c24dff665280c67f4167115b453613460cc661,semantic_loop_dictionary_first_event_v2,9f39bf57c2637dfa7f465103306ac6c7d17a321a036b175cc222dc1a204cd918,causal_semimarkov_posterior_export_v2_tail78,True,False,disabled,False,False,False,False,False,not_applicable,not_applicable,not_applicable,,,first-order development state process,48d2141ef993928d4e8a01d6b3c24dff665280c67f4167115b453613460cc661
loop_p_1-4-3-1,loop_p_1-4-3-1,1096,601.876091256,first_order_oriented_raw_completion_expectation,fc05b0eb9dede535bf255bd8,ee04e735b09f237a4a415c75cbf5c4569a921ed6,dfb2abfbd0d5b5431e372074ac76155f3b014339202325da0f365007267a4de8,48d2141ef993928d4e8a01d6b3c24dff665280c67f4167115b453613460cc661,semantic_loop_dictionary_first_event_v2,9f39bf57c2637dfa7f465103306ac6c7d17a321a036b175cc222dc1a204cd918,causal_semimarkov_posterior_export_v2_tail78,True,False,disabled,False,False,False,False,False,not_applicable,not_applicable,not_applicable,,,first-order development state process,48d2141ef993928d4e8a01d6b3c24dff665280c67f4167115b453613460cc661
loop_p_1-4-3-2-1,loop_p_1-4-3-2-1,123,62.6426939631,first_order_oriented_raw_completion_expectation,fc05b0eb9dede535bf255bd8,ee04e735b09f237a4a415c75cbf5c4569a921ed6,dfb2abfbd0d5b5431e372074ac76155f3b014339202325da0f365007267a4de8,48d2141ef993928d4e8a01d6b3c24dff665280c67f4167115b453613460cc661,semantic_loop_dictionary_first_event_v2,9f39bf57c2637dfa7f465103306ac6c7d17a321a036b175cc222dc1a204cd918,causal_semimarkov_posterior_export_v2_tail78,True,False,disabled,False,False,False,False,False,not_applicable,not_applicable,not_applicable,,,first-order development state process,48d2141ef993928d4e8a01d6b3c24dff665280c67f4167115b453613460cc661
loop_p_1-4-6-3-1,loop_p_1-4-6-3-1,183,181.992385538,first_order_oriented_raw_completion_expectation,fc05b0eb9dede535bf255bd8,ee04e735b09f237a4a415c75cbf5c4569a921ed6,dfb2abfbd0d5b5431e372074ac76155f3b014339202325da0f365007267a4de8,48d2141ef993928d4e8a01d6b3c24dff665280c67f4167115b453613460cc661,semantic_loop_dictionary_first_event_v2,9f39bf57c2637dfa7f465103306ac6c7d17a321a036b175cc222dc1a204cd918,causal_semimarkov_posterior_export_v2_tail78,True,False,disabled,False,False,False,False,False,not_applicable,not_applicable,not_applicable,,,first-order development state process,48d2141ef993928d4e8a01d6b3c24dff665280c67f4167115b453613460cc661
loop_p_1-5-2-1,loop_p_1-5-2-1,96,29.0773951647,first_order_oriented_raw_completion_expectation,fc05b0eb9dede535bf255bd8,ee04e735b09f237a4a415c75cbf5c4569a921ed6,dfb2abfbd0d5b5431e372074ac76155f3b014339202325da0f365007267a4de8,48d2141ef993928d4e8a01d6b3c24dff665280c67f4167115b453613460cc661,semantic_loop_dictionary_first_event_v2,9f39bf57c2637dfa7f465103306ac6c7d17a321a036b175cc222dc1a204cd918,causal_semimarkov_posterior_export_v2_tail78,True,False,disabled,False,False,False,False,False,not_applicable,not_applicable,not_applicable,,,first-order development state process,48d2141ef993928d4e8a01d6b3c24dff665280c67f4167115b453613460cc661
loop_p_1-6-3-1,loop_p_1-6-3-1,98,48.5710369221,first_order_oriented_raw_completion_expectation,fc05b0eb9dede535bf255bd8,ee04e735b09f237a4a415c75cbf5c4569a921ed6,dfb2abfbd0d5b5431e372074ac76155f3b014339202325da0f365007267a4de8,48d2141ef993928d4e8a01d6b3c24dff665280c67f4167115b453613460cc661,semantic_loop_dictionary_first_event_v2,9f39bf57c2637dfa7f465103306ac6c7d17a321a036b175cc222dc1a204cd918,causal_semimarkov_posterior_export_v2_tail78,True,False,disabled,False,False,False,False,False,not_applicable,not_applicable,not_applicable,,,first-order development state process,48d2141ef993928d4e8a01d6b3c24dff665280c67f4167115b453613460cc661
loop_p_2-3-2,loop_p_2-3-2,1368,651.317513854,first_order_oriented_raw_completion_expectation,fc05b0eb9dede535bf255bd8,ee04e735b09f237a4a415c75cbf5c4569a921ed6,dfb2abfbd0d5b5431e372074ac76155f3b014339202325da0f365007267a4de8,48d2141ef993928d4e8a01d6b3c24dff665280c67f4167115b453613460cc661,semantic_loop_dictionary_first_event_v2,9f39bf57c2637dfa7f465103306ac6c7d17a321a036b175cc222dc1a204cd918,causal_semimarkov_posterior_export_v2_tail78,True,False,disabled,False,False,False,False,False,not_applicable,not_applicable,not_applicable,,,first-order development state process,48d2141ef993928d4e8a01d6b3c24dff665280c67f4167115b453613460cc661
loop_p_2-3-4-2,loop_p_2-3-4-2,1305,645.373681545,first_order_oriented_raw_completion_expectation,fc05b0eb9dede535bf255bd8,ee04e735b09f237a4a415c75cbf5c4569a921ed6,dfb2abfbd0d5b5431e372074ac76155f3b014339202325da0f365007267a4de8,48d2141ef993928d4e8a01d6b3c24dff665280c67f4167115b453613460cc661,semantic_loop_dictionary_first_event_v2,9f39bf57c2637dfa7f465103306ac6c7d17a321a036b175cc222dc1a204cd918,causal_semimarkov_posterior_export_v2_tail78,True,False,disabled,False,False,False,False,False,not_applicable,not_applicable,not_applicable,,,first-order development state process,48d2141ef993928d4e8a01d6b3c24dff665280c67f4167115b453613460cc661
loop_p_2-3-5-2,loop_p_2-3-5-2,91,23.6111703112,first_order_oriented_raw_completion_expectation,fc05b0eb9dede535bf255bd8,ee04e735b09f237a4a415c75cbf5c4569a921ed6,dfb2abfbd0d5b5431e372074ac76155f3b014339202325da0f365007267a4de8,48d2141ef993928d4e8a01d6b3c24dff665280c67f4167115b453613460cc661,semantic_loop_dictionary_first_event_v2,9f39bf57c2637dfa7f465103306ac6c7d17a321a036b175cc222dc1a204cd918,causal_semimarkov_posterior_export_v2_tail78,True,False,disabled,False,False,False,False,False,not_applicable,not_applicable,not_applicable,,,first-order development state process,48d2141ef993928d4e8a01d6b3c24dff665280c67f4167115b453613460cc661
loop_p_2-3-6-2,loop_p_2-3-6-2,151,76.2945374063,first_order_oriented_raw_completion_expectation,fc05b0eb9dede535bf255bd8,ee04e735b09f237a4a415c75cbf5c4569a921ed6,dfb2abfbd0d5b5431e372074ac76155f3b014339202325da0f365007267a4de8,48d2141ef993928d4e8a01d6b3c24dff665280c67f4167115b453613460cc661,semantic_loop_dictionary_first_event_v2,9f39bf57c2637dfa7f465103306ac6c7d17a321a036b175cc222dc1a204cd918,causal_semimarkov_posterior_export_v2_tail78,True,False,disabled,False,False,False,False,False,not_applicable,not_applicable,not_applicable,,,first-order development state process,48d2141ef993928d4e8a01d6b3c24dff665280c67f4167115b453613460cc661
loop_p_2-3-6-4-2,loop_p_2-3-6-4-2,208,128.618208649,first_order_oriented_raw_completion_expectation,fc05b0eb9dede535bf255bd8,ee04e735b09f237a4a415c75cbf5c4569a921ed6,dfb2abfbd0d5b5431e372074ac76155f3b014339202325da0f365007267a4de8,48d2141ef993928d4e8a01d6b3c24dff665280c67f4167115b453613460cc661,semantic_loop_dictionary_first_event_v2,9f39bf57c2637dfa7f465103306ac6c7d17a321a036b175cc222dc1a204cd918,causal_semimarkov_posterior_export_v2_tail78,True,False,disabled,False,False,False,False,False,not_applicable,not_applicable,not_applicable,,,first-order development state process,48d2141ef993928d4e8a01d6b3c24dff665280c67f4167115b453613460cc661
loop_p_2-3-6-5-2,loop_p_2-3-6-5-2,142,63.3537721535,first_order_oriented_raw_completion_expectation,fc05b0eb9dede535bf255bd8,ee04e735b09f237a4a415c75cbf5c4569a921ed6,dfb2abfbd0d5b5431e372074ac76155f3b014339202325da0f365007267a4de8,48d2141ef993928d4e8a01d6b3c24dff665280c67f4167115b453613460cc661,semantic_loop_dictionary_first_event_v2,9f39bf57c2637dfa7f465103306ac6c7d17a321a036b175cc222dc1a204cd918,causal_semimarkov_posterior_export_v2_tail78,True,False,disabled,False,False,False,False,False,not_applicable,not_applicable,not_applicable,,,first-order development state process,48d2141ef993928d4e8a01d6b3c24dff665280c67f4167115b453613460cc661
loop_p_2-4-2,loop_p_2-4-2,3875,2041.84628351,first_order_oriented_raw_completion_expectation,fc05b0eb9dede535bf255bd8,ee04e735b09f237a4a415c75cbf5c4569a921ed6,dfb2abfbd0d5b5431e372074ac76155f3b014339202325da0f365007267a4de8,48d2141ef993928d4e8a01d6b3c24dff665280c67f4167115b453613460cc661,semantic_loop_dictionary_first_event_v2,9f39bf57c2637dfa7f465103306ac6c7d17a321a036b175cc222dc1a204cd918,causal_semimarkov_posterior_export_v2_tail78,True,False,disabled,False,False,False,False,False,not_applicable,not_applicable,not_applicable,,,first-order development state process,48d2141ef993928d4e8a01d6b3c24dff665280c67f4167115b453613460cc661
loop_p_2-4-3-2,loop_p_2-4-3-2,357,199.198371565,first_order_oriented_raw_completion_expectation,fc05b0eb9dede535bf255bd8,ee04e735b09f237a4a415c75cbf5c4569a921ed6,dfb2abfbd0d5b5431e372074ac76155f3b014339202325da0f365007267a4de8,48d2141ef993928d4e8a01d6b3c24dff665280c67f4167115b453613460cc661,semantic_loop_dictionary_first_event_v2,9f39bf57c2637dfa7f465103306ac6c7d17a321a036b175cc222dc1a204cd918,causal_semimarkov_posterior_export_v2_tail78,True,False,disabled,False,False,False,False,False,not_applicable,not_applicable,not_applicable,,,first-order development state process,48d2141ef993928d4e8a01d6b3c24dff665280c67f4167115b453613460cc661
loop_p_2-4-5-2,loop_p_2-4-5-2,234,153.974632248,first_order_oriented_raw_completion_expectation,fc05b0eb9dede535bf255bd8,ee04e735b09f237a4a415c75cbf5c4569a921ed6,dfb2abfbd0d5b5431e372074ac76155f3b014339202325da0f365007267a4de8,48d2141ef993928d4e8a01d6b3c24dff665280c67f4167115b453613460cc661,semantic_loop_dictionary_first_event_v2,9f39bf57c2637dfa7f465103306ac6c7d17a321a036b175cc222dc1a204cd918,causal_semimarkov_posterior_export_v2_tail78,True,False,disabled,False,False,False,False,False,not_applicable,not_applicable,not_applicable,,,first-order development state process,48d2141ef993928d4e8a01d6b3c24dff665280c67f4167115b453613460cc661
loop_p_2-4-6-2,loop_p_2-4-6-2,145,113.930775771,first_order_oriented_raw_completion_expectation,fc05b0eb9dede535bf255bd8,ee04e735b09f237a4a415c75cbf5c4569a921ed6,dfb2abfbd0d5b5431e372074ac76155f3b014339202325da0f365007267a4de8,48d2141ef993928d4e8a01d6b3c24dff665280c67f4167115b453613460cc661,semantic_loop_dictionary_first_event_v2,9f39bf57c2637dfa7f465103306ac6c7d17a321a036b175cc222dc1a204cd918,causal_semimarkov_posterior_export_v2_tail78,True,False,disabled,False,False,False,False,False,not_applicable,not_applicable,not_applicable,,,first-order development state process,48d2141ef993928d4e8a01d6b3c24dff665280c67f4167115b453613460cc661
loop_p_2-4-6-3-2,loop_p_2-4-6-3-2,104,61.1136721712,first_order_oriented_raw_completion_expectation,fc05b0eb9dede535bf255bd8,ee04e735b09f237a4a415c75cbf5c4569a921ed6,dfb2abfbd0d5b5431e372074ac76155f3b014339202325da0f365007267a4de8,48d2141ef993928d4e8a01d6b3c24dff665280c67f4167115b453613460cc661,semantic_loop_dictionary_first_event_v2,9f39bf57c2637dfa7f465103306ac6c7d17a321a036b175cc222dc1a204cd918,causal_semimarkov_posterior_export_v2_tail78,True,False,disabled,False,False,False,False,False,not_applicable,not_applicable,not_applicable,,,first-order development state process,48d2141ef993928d4e8a01d6b3c24dff665280c67f4167115b453613460cc661
loop_p_2-5-2,loop_p_2-5-2,1675,489.033972584,first_order_oriented_raw_completion_expectation,fc05b0eb9dede535bf255bd8,ee04e735b09f237a4a415c75cbf5c4569a921ed6,dfb2abfbd0d5b5431e372074ac76155f3b014339202325da0f365007267a4de8,48d2141ef993928d4e8a01d6b3c24dff665280c67f4167115b453613460cc661,semantic_loop_dictionary_first_event_v2,9f39bf57c2637dfa7f465103306ac6c7d17a321a036b175cc222dc1a204cd918,causal_semimarkov_posterior_export_v2_tail78,True,False,disabled,False,False,False,False,False,not_applicable,not_applicable,not_applicable,,,first-order development state process,48d2141ef993928d4e8a01d6b3c24dff665280c67f4167115b453613460cc661
loop_p_2-5-4-2,loop_p_2-5-4-2,178,160.330407641,first_order_oriented_raw_completion_expectation,fc05b0eb9dede535bf255bd8,ee04e735b09f237a4a415c75cbf5c4569a921ed6,dfb2abfbd0d5b5431e372074ac76155f3b014339202325da0f365007267a4de8,48d2141ef993928d4e8a01d6b3c24dff665280c67f4167115b453613460cc661,semantic_loop_dictionary_first_event_v2,9f39bf57c2637dfa7f465103306ac6c7d17a321a036b175cc222dc1a204cd918,causal_semimarkov_posterior_export_v2_tail78,True,False,disabled,False,False,False,False,False,not_applicable,not_applicable,not_applicable,,,first-order development state process,48d2141ef993928d4e8a01d6b3c24dff665280c67f4167115b453613460cc661
loop_p_2-5-6-2,loop_p_2-5-6-2,266,72.6097384391,first_order_oriented_raw_completion_expectation,fc05b0eb9dede535bf255bd8,ee04e735b09f237a4a415c75cbf5c4569a921ed6,dfb2abfbd0d5b5431e372074ac76155f3b014339202325da0f365007267a4de8,48d2141ef993928d4e8a01d6b3c24dff665280c67f4167115b453613460cc661,semantic_loop_dictionary_first_event_v2,9f39bf57c2637dfa7f465103306ac6c7d17a321a036b175cc222dc1a204cd918,causal_semimarkov_posterior_export_v2_tail78,True,False,disabled,False,False,False,False,False,not_applicable,not_applicable,not_applicable,,,first-order development state process,48d2141ef993928d4e8a01d6b3c24dff665280c67f4167115b453613460cc661
loop_p_2-5-6-3-2,loop_p_2-5-6-3-2,67,42.0645092441,first_order_oriented_raw_completion_expectation,fc05b0eb9dede535bf255bd8,ee04e735b09f237a4a415c75cbf5c4569a921ed6,dfb2abfbd0d5b5431e372074ac76155f3b014339202325da0f365007267a4de8,48d2141ef993928d4e8a01d6b3c24dff665280c67f4167115b453613460cc661,semantic_loop_dictionary_first_event_v2,9f39bf57c2637dfa7f465103306ac6c7d17a321a036b175cc222dc1a204cd918,causal_semimarkov_posterior_export_v2_tail78,True,False,disabled,False,False,False,False,False,not_applicable,not_applicable,not_applicable,,,first-order development state process,48d2141ef993928d4e8a01d6b3c24dff665280c67f4167115b453613460cc661
loop_p_2-6-2,loop_p_2-6-2,405,101.96930225,first_order_oriented_raw_completion_expectation,fc05b0eb9dede535bf255bd8,ee04e735b09f237a4a415c75cbf5c4569a921ed6,dfb2abfbd0d5b5431e372074ac76155f3b014339202325da0f365007267a4de8,48d2141ef993928d4e8a01d6b3c24dff665280c67f4167115b453613460cc661,semantic_loop_dictionary_first_event_v2,9f39bf57c2637dfa7f465103306ac6c7d17a321a036b175cc222dc1a204cd918,causal_semimarkov_posterior_export_v2_tail78,True,False,disabled,False,False,False,False,False,not_applicable,not_applicable,not_applicable,,,first-order development state process,48d2141ef993928d4e8a01d6b3c24dff665280c67f4167115b453613460cc661
loop_p_2-6-3-2,loop_p_2-6-3-2,179,64.7522767928,first_order_oriented_raw_completion_expectation,fc05b0eb9dede535bf255bd8,ee04e735b09f237a4a415c75cbf5c4569a921ed6,dfb2abfbd0d5b5431e372074ac76155f3b014339202325da0f365007267a4de8,48d2141ef993928d4e8a01d6b3c24dff665280c67f4167115b453613460cc661,semantic_loop_dictionary_first_event_v2,9f39bf57c2637dfa7f465103306ac6c7d17a321a036b175cc222dc1a204cd918,causal_semimarkov_posterior_export_v2_tail78,True,False,disabled,False,False,False,False,False,not_applicable,not_applicable,not_applicable,,,first-order development state process,48d2141ef993928d4e8a01d6b3c24dff665280c67f4167115b453613460cc661
loop_p_2-6-3-4-2,loop_p_2-6-3-4-2,116,59.4040732477,first_order_oriented_raw_completion_expectation,fc05b0eb9dede535bf255bd8,ee04e735b09f237a4a415c75cbf5c4569a921ed6,dfb2abfbd0d5b5431e372074ac76155f3b014339202325da0f365007267a4de8,48d2141ef993928d4e8a01d6b3c24dff665280c67f4167115b453613460cc661,semantic_loop_dictionary_first_event_v2,9f39bf57c2637dfa7f465103306ac6c7d17a321a036b175cc222dc1a204cd918,causal_semimarkov_posterior_export_v2_tail78,True,False,disabled,False,False,False,False,False,not_applicable,not_applicable,not_applicable,,,first-order development state process,48d2141ef993928d4e8a01d6b3c24dff665280c67f4167115b453613460cc661
loop_p_2-6-4-2,loop_p_2-6-4-2,232,203.501085585,first_order_oriented_raw_completion_expectation,fc05b0eb9dede535bf255bd8,ee04e735b09f237a4a415c75cbf5c4569a921ed6,dfb2abfbd0d5b5431e372074ac76155f3b014339202325da0f365007267a4de8,48d2141ef993928d4e8a01d6b3c24dff665280c67f4167115b453613460cc661,semantic_loop_dictionary_first_event_v2,9f39bf57c2637dfa7f465103306ac6c7d17a321a036b175cc222dc1a204cd918,causal_semimarkov_posterior_export_v2_tail78,True,False,disabled,False,False,False,False,False,not_applicable,not_applicable,not_applicable,,,first-order development state process,48d2141ef993928d4e8a01d6b3c24dff665280c67f4167115b453613460cc661
loop_p_2-6-5-2,loop_p_2-6-5-2,457,92.8139217237,first_order_oriented_raw_completion_expectation,fc05b0eb9dede535bf255bd8,ee04e735b09f237a4a415c75cbf5c4569a921ed6,dfb2abfbd0d5b5431e372074ac76155f3b014339202325da0f365007267a4de8,48d2141ef993928d4e8a01d6b3c24dff665280c67f4167115b453613460cc661,semantic_loop_dictionary_first_event_v2,9f39bf57c2637dfa7f465103306ac6c7d17a321a036b175cc222dc1a204cd918,causal_semimarkov_posterior_export_v2_tail78,True,False,disabled,False,False,False,False,False,not_applicable,not_applicable,not_applicable,,,first-order development state process,48d2141ef993928d4e8a01d6b3c24dff665280c67f4167115b453613460cc661
loop_p_3-4-3,loop_p_3-4-3,3176,1517.29156247,first_order_oriented_raw_completion_expectation,fc05b0eb9dede535bf255bd8,ee04e735b09f237a4a415c75cbf5c4569a921ed6,dfb2abfbd0d5b5431e372074ac76155f3b014339202325da0f365007267a4de8,48d2141ef993928d4e8a01d6b3c24dff665280c67f4167115b453613460cc661,semantic_loop_dictionary_first_event_v2,9f39bf57c2637dfa7f465103306ac6c7d17a321a036b175cc222dc1a204cd918,causal_semimarkov_posterior_export_v2_tail78,True,False,disabled,False,False,False,False,False,not_applicable,not_applicable,not_applicable,,,first-order development state process,48d2141ef993928d4e8a01d6b3c24dff665280c67f4167115b453613460cc661
loop_p_3-4-5-6-3,loop_p_3-4-5-6-3,80,87.9356183145,first_order_oriented_raw_completion_expectation,fc05b0eb9dede535bf255bd8,ee04e735b09f237a4a415c75cbf5c4569a921ed6,dfb2abfbd0d5b5431e372074ac76155f3b014339202325da0f365007267a4de8,48d2141ef993928d4e8a01d6b3c24dff665280c67f4167115b453613460cc661,semantic_loop_dictionary_first_event_v2,9f39bf57c2637dfa7f465103306ac6c7d17a321a036b175cc222dc1a204cd918,causal_semimarkov_posterior_export_v2_tail78,True,False,disabled,False,False,False,False,False,not_applicable,not_applicable,not_applicable,,,first-order development state process,48d2141ef993928d4e8a01d6b3c24dff665280c67f4167115b453613460cc661
loop_p_3-4-6-3,loop_p_3-4-6-3,817,505.43419861,first_order_oriented_raw_completion_expectation,fc05b0eb9dede535bf255bd8,ee04e735b09f237a4a415c75cbf5c4569a921ed6,dfb2abfbd0d5b5431e372074ac76155f3b014339202325da0f365007267a4de8,48d2141ef993928d4e8a01d6b3c24dff665280c67f4167115b453613460cc661,semantic_loop_dictionary_first_event_v2,9f39bf57c2637dfa7f465103306ac6c7d17a321a036b175cc222dc1a204cd918,causal_semimarkov_posterior_export_v2_tail78,True,False,disabled,False,False,False,False,False,not_applicable,not_applicable,not_applicable,,,first-order development state process,48d2141ef993928d4e8a01d6b3c24dff665280c67f4167115b453613460cc661
loop_p_3-5-6-3,loop_p_3-5-6-3,83,43.6414579798,first_order_oriented_raw_completion_expectation,fc05b0eb9dede535bf255bd8,ee04e735b09f237a4a415c75cbf5c4569a921ed6,dfb2abfbd0d5b5431e372074ac76155f3b014339202325da0f365007267a4de8,48d2141ef993928d4e8a01d6b3c24dff665280c67f4167115b453613460cc661,semantic_loop_dictionary_first_event_v2,9f39bf57c2637dfa7f465103306ac6c7d17a321a036b175cc222dc1a204cd918,causal_semimarkov_posterior_export_v2_tail78,True,False,disabled,False,False,False,False,False,not_applicable,not_applicable,not_applicable,,,first-order development state process,48d2141ef993928d4e8a01d6b3c24dff665280c67f4167115b453613460cc661
loop_p_3-6-3,loop_p_3-6-3,2625,1024.15801449,first_order_oriented_raw_completion_expectation,fc05b0eb9dede535bf255bd8,ee04e735b09f237a4a415c75cbf5c4569a921ed6,dfb2abfbd0d5b5431e372074ac76155f3b014339202325da0f365007267a4de8,48d2141ef993928d4e8a01d6b3c24dff665280c67f4167115b453613460cc661,semantic_loop_dictionary_first_event_v2,9f39bf57c2637dfa7f465103306ac6c7d17a321a036b175cc222dc1a204cd918,causal_semimarkov_posterior_export_v2_tail78,True,False,disabled,False,False,False,False,False,not_applicable,not_applicable,not_applicable,,,first-order development state process,48d2141ef993928d4e8a01d6b3c24dff665280c67f4167115b453613460cc661
loop_p_3-6-4-3,loop_p_3-6-4-3,458,328.324455791,first_order_oriented_raw_completion_expectation,fc05b0eb9dede535bf255bd8,ee04e735b09f237a4a415c75cbf5c4569a921ed6,dfb2abfbd0d5b5431e372074ac76155f3b014339202325da0f365007267a4de8,48d2141ef993928d4e8a01d6b3c24dff665280c67f4167115b453613460cc661,semantic_loop_dictionary_first_event_v2,9f39bf57c2637dfa7f465103306ac6c7d17a321a036b175cc222dc1a204cd918,causal_semimarkov_posterior_export_v2_tail78,True,False,disabled,False,False,False,False,False,not_applicable,not_applicable,not_applicable,,,first-order development state process,48d2141ef993928d4e8a01d6b3c24dff665280c67f4167115b453613460cc661
loop_p_4-5-4,loop_p_4-5-4,1052,289.076725504,first_order_oriented_raw_completion_expectation,fc05b0eb9dede535bf255bd8,ee04e735b09f237a4a415c75cbf5c4569a921ed6,dfb2abfbd0d5b5431e372074ac76155f3b014339202325da0f365007267a4de8,48d2141ef993928d4e8a01d6b3c24dff665280c67f4167115b453613460cc661,semantic_loop_dictionary_first_event_v2,9f39bf57c2637dfa7f465103306ac6c7d17a321a036b175cc222dc1a204cd918,causal_semimarkov_posterior_export_v2_tail78,True,False,disabled,False,False,False,False,False,not_applicable,not_applicable,not_applicable,,,first-order development state process,48d2141ef993928d4e8a01d6b3c24dff665280c67f4167115b453613460cc661
loop_p_4-5-6-4,loop_p_4-5-6-4,340,278.370239518,first_order_oriented_raw_completion_expectation,fc05b0eb9dede535bf255bd8,ee04e735b09f237a4a415c75cbf5c4569a921ed6,dfb2abfbd0d5b5431e372074ac76155f3b014339202325da0f365007267a4de8,48d2141ef993928d4e8a01d6b3c24dff665280c67f4167115b453613460cc661,semantic_loop_dictionary_first_event_v2,9f39bf57c2637dfa7f465103306ac6c7d17a321a036b175cc222dc1a204cd918,causal_semimarkov_posterior_export_v2_tail78,True,False,disabled,False,False,False,False,False,not_applicable,not_applicable,not_applicable,,,first-order development state process,48d2141ef993928d4e8a01d6b3c24dff665280c67f4167115b453613460cc661
loop_p_4-6-4,loop_p_4-6-4,2990,1458.78816971,first_order_oriented_raw_completion_expectation,fc05b0eb9dede535bf255bd8,ee04e735b09f237a4a415c75cbf5c4569a921ed6,dfb2abfbd0d5b5431e372074ac76155f3b014339202325da0f365007267a4de8,48d2141ef993928d4e8a01d6b3c24dff665280c67f4167115b453613460cc661,semantic_loop_dictionary_first_event_v2,9f39bf57c2637dfa7f465103306ac6c7d17a321a036b175cc222dc1a204cd918,causal_semimarkov_posterior_export_v2_tail78,True,False,disabled,False,False,False,False,False,not_applicable,not_applicable,not_applicable,,,first-order development state process,48d2141ef993928d4e8a01d6b3c24dff665280c67f4167115b453613460cc661
loop_p_4-6-5-4,loop_p_4-6-5-4,149,207.435030669,first_order_oriented_raw_completion_expectation,fc05b0eb9dede535bf255bd8,ee04e735b09f237a4a415c75cbf5c4569a921ed6,dfb2abfbd0d5b5431e372074ac76155f3b014339202325da0f365007267a4de8,48d2141ef993928d4e8a01d6b3c24dff665280c67f4167115b453613460cc661,semantic_loop_dictionary_first_event_v2,9f39bf57c2637dfa7f465103306ac6c7d17a321a036b175cc222dc1a204cd918,causal_semimarkov_posterior_export_v2_tail78,True,False,disabled,False,False,False,False,False,not_applicable,not_applicable,not_applicable,,,first-order development state process,48d2141ef993928d4e8a01d6b3c24dff665280c67f4167115b453613460cc661
loop_p_5-6-5,loop_p_5-6-5,2872,1349.70952504,first_order_oriented_raw_completion_expectation,fc05b0eb9dede535bf255bd8,ee04e735b09f237a4a415c75cbf5c4569a921ed6,dfb2abfbd0d5b5431e372074ac76155f3b014339202325da0f365007267a4de8,48d2141ef993928d4e8a01d6b3c24dff665280c67f4167115b453613460cc661,semantic_loop_dictionary_first_event_v2,9f39bf57c2637dfa7f465103306ac6c7d17a321a036b175cc222dc1a204cd918,causal_semimarkov_posterior_export_v2_tail78,True,False,disabled,False,False,False,False,False,not_applicable,not_applicable,not_applicable,,,first-order development state process,48d2141ef993928d4e8a01d6b3c24dff665280c67f4167115b453613460cc661
loop_p_5-6-7-5,loop_p_5-6-7-5,182,122.586351971,first_order_oriented_raw_completion_expectation,fc05b0eb9dede535bf255bd8,ee04e735b09f237a4a415c75cbf5c4569a921ed6,dfb2abfbd0d5b5431e372074ac76155f3b014339202325da0f365007267a4de8,48d2141ef993928d4e8a01d6b3c24dff665280c67f4167115b453613460cc661,semantic_loop_dictionary_first_event_v2,9f39bf57c2637dfa7f465103306ac6c7d17a321a036b175cc222dc1a204cd918,causal_semimarkov_posterior_export_v2_tail78,True,False,disabled,False,False,False,False,False,not_applicable,not_applicable,not_applicable,,,first-order development state process,48d2141ef993928d4e8a01d6b3c24dff665280c67f4167115b453613460cc661
loop_p_5-7-5,loop_p_5-7-5,1476,835.790194511,first_order_oriented_raw_completion_expectation,fc05b0eb9dede535bf255bd8,ee04e735b09f237a4a415c75cbf5c4569a921ed6,dfb2abfbd0d5b5431e372074ac76155f3b014339202325da0f365007267a4de8,48d2141ef993928d4e8a01d6b3c24dff665280c67f4167115b453613460cc661,semantic_loop_dictionary_first_event_v2,9f39bf57c2637dfa7f465103306ac6c7d17a321a036b175cc222dc1a204cd918,causal_semimarkov_posterior_export_v2_tail78,True,False,disabled,False,False,False,False,False,not_applicable,not_applicable,not_applicable,,,first-order development state process,48d2141ef993928d4e8a01d6b3c24dff665280c67f4167115b453613460cc661
loop_p_5-7-6-5,loop_p_5-7-6-5,178,126.352062818,first_order_oriented_raw_completion_expectation,fc05b0eb9dede535bf255bd8,ee04e735b09f237a4a415c75cbf5c4569a921ed6,dfb2abfbd0d5b5431e372074ac76155f3b014339202325da0f365007267a4de8,48d2141ef993928d4e8a01d6b3c24dff665280c67f4167115b453613460cc661,semantic_loop_dictionary_first_event_v2,9f39bf57c2637dfa7f465103306ac6c7d17a321a036b175cc222dc1a204cd918,causal_semimarkov_posterior_export_v2_tail78,True,False,disabled,False,False,False,False,False,not_applicable,not_applicable,not_applicable,,,first-order development state process,48d2141ef993928d4e8a01d6b3c24dff665280c67f4167115b453613460cc661
loop_p_6-7-6,loop_p_6-7-6,261,72.5059231626,first_order_oriented_raw_completion_expectation,fc05b0eb9dede535bf255bd8,ee04e735b09f237a4a415c75cbf5c4569a921ed6,dfb2abfbd0d5b5431e372074ac76155f3b014339202325da0f365007267a4de8,48d2141ef993928d4e8a01d6b3c24dff665280c67f4167115b453613460cc661,semantic_loop_dictionary_first_event_v2,9f39bf57c2637dfa7f465103306ac6c7d17a321a036b175cc222dc1a204cd918,causal_semimarkov_posterior_export_v2_tail78,True,False,disabled,False,False,False,False,False,not_applicable,not_applicable,not_applicable,,,first-order development state process,48d2141ef993928d4e8a01d6b3c24dff665280c67f4167115b453613460cc661
