period,dimension,group,total_decisions,primitive_loop_events,selected_dictionary_events,selected_event_coverage,other_primitive_share,run_id,git_sha,contract_hash,data_snapshot_hash,dictionary_version,dictionary_hash,state_model_version,research_only,execution_enabled,order_placement,broker_connected,economic_outcomes_used,payoff_selection_used,production_runtime_modified,strategy_promotion,decision_id,symbol,session,decision_timestamp,event_timestamp,semantic_loop_id,primitive_loop_id,source_artifact,source_hash
development_2024,symbol,AAL,19541,16759,164,0.00978578674145,0.990214213259,fc05b0eb9dede535bf255bd8,ee04e735b09f237a4a415c75cbf5c4569a921ed6,dfb2abfbd0d5b5431e372074ac76155f3b014339202325da0f365007267a4de8,48d2141ef993928d4e8a01d6b3c24dff665280c67f4167115b453613460cc661,semantic_loop_dictionary_first_event_v2,9f39bf57c2637dfa7f465103306ac6c7d17a321a036b175cc222dc1a204cd918,causal_semimarkov_posterior_export_v2_tail78,True,False,disabled,False,False,False,False,False,not_applicable,not_applicable,not_applicable,,,,,period target ledgers,48d2141ef993928d4e8a01d6b3c24dff665280c67f4167115b453613460cc661
development_2024,symbol,AAOI,19538,17491,1811,0.103538962895,0.896461037105,fc05b0eb9dede535bf255bd8,ee04e735b09f237a4a415c75cbf5c4569a921ed6,dfb2abfbd0d5b5431e372074ac76155f3b014339202325da0f365007267a4de8,48d2141ef993928d4e8a01d6b3c24dff665280c67f4167115b453613460cc661,semantic_loop_dictionary_first_event_v2,9f39bf57c2637dfa7f465103306ac6c7d17a321a036b175cc222dc1a204cd918,causal_semimarkov_posterior_export_v2_tail78,True,False,disabled,False,False,False,False,False,not_applicable,not_applicable,not_applicable,,,,,period target ledgers,48d2141ef993928d4e8a01d6b3c24dff665280c67f4167115b453613460cc661
development_2024,symbol,APLD,19541,17489,2809,0.160615243868,0.839384756132,fc05b0eb9dede535bf255bd8,ee04e735b09f237a4a415c75cbf5c4569a921ed6,dfb2abfbd0d5b5431e372074ac76155f3b014339202325da0f365007267a4de8,48d2141ef993928d4e8a01d6b3c24dff665280c67f4167115b453613460cc661,semantic_loop_dictionary_first_event_v2,9f39bf57c2637dfa7f465103306ac6c7d17a321a036b175cc222dc1a204cd918,causal_semimarkov_posterior_export_v2_tail78,True,False,disabled,False,False,False,False,False,not_applicable,not_applicable,not_applicable,,,,,period target ledgers,48d2141ef993928d4e8a01d6b3c24dff665280c67f4167115b453613460cc661
development_2024,symbol,ASTS,19538,17320,2502,0.144457274827,0.855542725173,fc05b0eb9dede535bf255bd8,ee04e735b09f237a4a415c75cbf5c4569a921ed6,dfb2abfbd0d5b5431e372074ac76155f3b014339202325da0f365007267a4de8,48d2141ef993928d4e8a01d6b3c24dff665280c67f4167115b453613460cc661,semantic_loop_dictionary_first_event_v2,9f39bf57c2637dfa7f465103306ac6c7d17a321a036b175cc222dc1a204cd918,causal_semimarkov_posterior_export_v2_tail78,True,False,disabled,False,False,False,False,False,not_applicable,not_applicable,not_applicable,,,,,period target ledgers,48d2141ef993928d4e8a01d6b3c24dff665280c67f4167115b453613460cc661
development_2024,symbol,AXTI,17181,2762,223,0.0807385952209,0.919261404779,fc05b0eb9dede535bf255bd8,ee04e735b09f237a4a415c75cbf5c4569a921ed6,dfb2abfbd0d5b5431e372074ac76155f3b014339202325da0f365007267a4de8,48d2141ef993928d4e8a01d6b3c24dff665280c67f4167115b453613460cc661,semantic_loop_dictionary_first_event_v2,9f39bf57c2637dfa7f465103306ac6c7d17a321a036b175cc222dc1a204cd918,causal_semimarkov_posterior_export_v2_tail78,True,False,disabled,False,False,False,False,False,not_applicable,not_applicable,not_applicable,,,,,period target ledgers,48d2141ef993928d4e8a01d6b3c24dff665280c67f4167115b453613460cc661
development_2024,symbol,CIFR,19541,17700,3489,0.197118644068,0.802881355932,fc05b0eb9dede535bf255bd8,ee04e735b09f237a4a415c75cbf5c4569a921ed6,dfb2abfbd0d5b5431e372074ac76155f3b014339202325da0f365007267a4de8,48d2141ef993928d4e8a01d6b3c24dff665280c67f4167115b453613460cc661,semantic_loop_dictionary_first_event_v2,9f39bf57c2637dfa7f465103306ac6c7d17a321a036b175cc222dc1a204cd918,causal_semimarkov_posterior_export_v2_tail78,True,False,disabled,False,False,False,False,False,not_applicable,not_applicable,not_applicable,,,,,period target ledgers,48d2141ef993928d4e8a01d6b3c24dff665280c67f4167115b453613460cc661
development_2024,symbol,HIMS,19544,17492,1297,0.0741481820261,0.925851817974,fc05b0eb9dede535bf255bd8,ee04e735b09f237a4a415c75cbf5c4569a921ed6,dfb2abfbd0d5b5431e372074ac76155f3b014339202325da0f365007267a4de8,48d2141ef993928d4e8a01d6b3c24dff665280c67f4167115b453613460cc661,semantic_loop_dictionary_first_event_v2,9f39bf57c2637dfa7f465103306ac6c7d17a321a036b175cc222dc1a204cd918,causal_semimarkov_posterior_export_v2_tail78,True,False,disabled,False,False,False,False,False,not_applicable,not_applicable,not_applicable,,,,,period target ledgers,48d2141ef993928d4e8a01d6b3c24dff665280c67f4167115b453613460cc661
development_2024,symbol,IONQ,19543,17238,1534,0.0889894419306,0.911010558069,fc05b0eb9dede535bf255bd8,ee04e735b09f237a4a415c75cbf5c4569a921ed6,dfb2abfbd0d5b5431e372074ac76155f3b014339202325da0f365007267a4de8,48d2141ef993928d4e8a01d6b3c24dff665280c67f4167115b453613460cc661,semantic_loop_dictionary_first_event_v2,9f39bf57c2637dfa7f465103306ac6c7d17a321a036b175cc222dc1a204cd918,causal_semimarkov_posterior_export_v2_tail78,True,False,disabled,False,False,False,False,False,not_applicable,not_applicable,not_applicable,,,,,period target ledgers,48d2141ef993928d4e8a01d6b3c24dff665280c67f4167115b453613460cc661
development_2024,symbol,IREN,19543,17425,3992,0.229096126255,0.770903873745,fc05b0eb9dede535bf255bd8,ee04e735b09f237a4a415c75cbf5c4569a921ed6,dfb2abfbd0d5b5431e372074ac76155f3b014339202325da0f365007267a4de8,48d2141ef993928d4e8a01d6b3c24dff665280c67f4167115b453613460cc661,semantic_loop_dictionary_first_event_v2,9f39bf57c2637dfa7f465103306ac6c7d17a321a036b175cc222dc1a204cd918,causal_semimarkov_posterior_export_v2_tail78,True,False,disabled,False,False,False,False,False,not_applicable,not_applicable,not_applicable,,,,,period target ledgers,48d2141ef993928d4e8a01d6b3c24dff665280c67f4167115b453613460cc661
development_2024,symbol,MARA,19541,17312,3216,0.185767097967,0.814232902033,fc05b0eb9dede535bf255bd8,ee04e735b09f237a4a415c75cbf5c4569a921ed6,dfb2abfbd0d5b5431e372074ac76155f3b014339202325da0f365007267a4de8,48d2141ef993928d4e8a01d6b3c24dff665280c67f4167115b453613460cc661,semantic_loop_dictionary_first_event_v2,9f39bf57c2637dfa7f465103306ac6c7d17a321a036b175cc222dc1a204cd918,causal_semimarkov_posterior_export_v2_tail78,True,False,disabled,False,False,False,False,False,not_applicable,not_applicable,not_applicable,,,,,period target ledgers,48d2141ef993928d4e8a01d6b3c24dff665280c67f4167115b453613460cc661
development_2024,symbol,MP,19544,17987,335,0.0186245621838,0.981375437816,fc05b0eb9dede535bf255bd8,ee04e735b09f237a4a415c75cbf5c4569a921ed6,dfb2abfbd0d5b5431e372074ac76155f3b014339202325da0f365007267a4de8,48d2141ef993928d4e8a01d6b3c24dff665280c67f4167115b453613460cc661,semantic_loop_dictionary_first_event_v2,9f39bf57c2637dfa7f465103306ac6c7d17a321a036b175cc222dc1a204cd918,causal_semimarkov_posterior_export_v2_tail78,True,False,disabled,False,False,False,False,False,not_applicable,not_applicable,not_applicable,,,,,period target ledgers,48d2141ef993928d4e8a01d6b3c24dff665280c67f4167115b453613460cc661
development_2024,symbol,MRNA,19541,17544,714,0.0406976744186,0.959302325581,fc05b0eb9dede535bf255bd8,ee04e735b09f237a4a415c75cbf5c4569a921ed6,dfb2abfbd0d5b5431e372074ac76155f3b014339202325da0f365007267a4de8,48d2141ef993928d4e8a01d6b3c24dff665280c67f4167115b453613460cc661,semantic_loop_dictionary_first_event_v2,9f39bf57c2637dfa7f465103306ac6c7d17a321a036b175cc222dc1a204cd918,causal_semimarkov_posterior_export_v2_tail78,True,False,disabled,False,False,False,False,False,not_applicable,not_applicable,not_applicable,,,,,period target ledgers,48d2141ef993928d4e8a01d6b3c24dff665280c67f4167115b453613460cc661
development_2024,symbol,MSTR,19534,16163,2793,0.172802078822,0.827197921178,fc05b0eb9dede535bf255bd8,ee04e735b09f237a4a415c75cbf5c4569a921ed6,dfb2abfbd0d5b5431e372074ac76155f3b014339202325da0f365007267a4de8,48d2141ef993928d4e8a01d6b3c24dff665280c67f4167115b453613460cc661,semantic_loop_dictionary_first_event_v2,9f39bf57c2637dfa7f465103306ac6c7d17a321a036b175cc222dc1a204cd918,causal_semimarkov_posterior_export_v2_tail78,True,False,disabled,False,False,False,False,False,not_applicable,not_applicable,not_applicable,,,,,period target ledgers,48d2141ef993928d4e8a01d6b3c24dff665280c67f4167115b453613460cc661
development_2024,symbol,NVTS,19540,17747,1160,0.0653631599707,0.934636840029,fc05b0eb9dede535bf255bd8,ee04e735b09f237a4a415c75cbf5c4569a921ed6,dfb2abfbd0d5b5431e372074ac76155f3b014339202325da0f365007267a4de8,48d2141ef993928d4e8a01d6b3c24dff665280c67f4167115b453613460cc661,semantic_loop_dictionary_first_event_v2,9f39bf57c2637dfa7f465103306ac6c7d17a321a036b175cc222dc1a204cd918,causal_semimarkov_posterior_export_v2_tail78,True,False,disabled,False,False,False,False,False,not_applicable,not_applicable,not_applicable,,,,,period target ledgers,48d2141ef993928d4e8a01d6b3c24dff665280c67f4167115b453613460cc661
development_2024,symbol,OKLO,16754,12061,1592,0.131995688583,0.868004311417,fc05b0eb9dede535bf255bd8,ee04e735b09f237a4a415c75cbf5c4569a921ed6,dfb2abfbd0d5b5431e372074ac76155f3b014339202325da0f365007267a4de8,48d2141ef993928d4e8a01d6b3c24dff665280c67f4167115b453613460cc661,semantic_loop_dictionary_first_event_v2,9f39bf57c2637dfa7f465103306ac6c7d17a321a036b175cc222dc1a204cd918,causal_semimarkov_posterior_export_v2_tail78,True,False,disabled,False,False,False,False,False,not_applicable,not_applicable,not_applicable,,,,,period target ledgers,48d2141ef993928d4e8a01d6b3c24dff665280c67f4167115b453613460cc661
development_2024,symbol,QBTS,19533,16219,2438,0.150317528824,0.849682471176,fc05b0eb9dede535bf255bd8,ee04e735b09f237a4a415c75cbf5c4569a921ed6,dfb2abfbd0d5b5431e372074ac76155f3b014339202325da0f365007267a4de8,48d2141ef993928d4e8a01d6b3c24dff665280c67f4167115b453613460cc661,semantic_loop_dictionary_first_event_v2,9f39bf57c2637dfa7f465103306ac6c7d17a321a036b175cc222dc1a204cd918,causal_semimarkov_posterior_export_v2_tail78,True,False,disabled,False,False,False,False,False,not_applicable,not_applicable,not_applicable,,,,,period target ledgers,48d2141ef993928d4e8a01d6b3c24dff665280c67f4167115b453613460cc661
development_2024,symbol,RGTI,19455,16086,2256,0.1402461768,0.8597538232,fc05b0eb9dede535bf255bd8,ee04e735b09f237a4a415c75cbf5c4569a921ed6,dfb2abfbd0d5b5431e372074ac76155f3b014339202325da0f365007267a4de8,48d2141ef993928d4e8a01d6b3c24dff665280c67f4167115b453613460cc661,semantic_loop_dictionary_first_event_v2,9f39bf57c2637dfa7f465103306ac6c7d17a321a036b175cc222dc1a204cd918,causal_semimarkov_posterior_export_v2_tail78,True,False,disabled,False,False,False,False,False,not_applicable,not_applicable,not_applicable,,,,,period target ledgers,48d2141ef993928d4e8a01d6b3c24dff665280c67f4167115b453613460cc661
development_2024,symbol,RIOT,19542,17620,2135,0.121169125993,0.878830874007,fc05b0eb9dede535bf255bd8,ee04e735b09f237a4a415c75cbf5c4569a921ed6,dfb2abfbd0d5b5431e372074ac76155f3b014339202325da0f365007267a4de8,48d2141ef993928d4e8a01d6b3c24dff665280c67f4167115b453613460cc661,semantic_loop_dictionary_first_event_v2,9f39bf57c2637dfa7f465103306ac6c7d17a321a036b175cc222dc1a204cd918,causal_semimarkov_posterior_export_v2_tail78,True,False,disabled,False,False,False,False,False,not_applicable,not_applicable,not_applicable,,,,,period target ledgers,48d2141ef993928d4e8a01d6b3c24dff665280c67f4167115b453613460cc661
development_2024,symbol,RIVN,19542,17661,997,0.0564520695317,0.943547930468,fc05b0eb9dede535bf255bd8,ee04e735b09f237a4a415c75cbf5c4569a921ed6,dfb2abfbd0d5b5431e372074ac76155f3b014339202325da0f365007267a4de8,48d2141ef993928d4e8a01d6b3c24dff665280c67f4167115b453613460cc661,semantic_loop_dictionary_first_event_v2,9f39bf57c2637dfa7f465103306ac6c7d17a321a036b175cc222dc1a204cd918,causal_semimarkov_posterior_export_v2_tail78,True,False,disabled,False,False,False,False,False,not_applicable,not_applicable,not_applicable,,,,,period target ledgers,48d2141ef993928d4e8a01d6b3c24dff665280c67f4167115b453613460cc661
development_2024,symbol,SMCI,19542,16683,1954,0.117125217287,0.882874782713,fc05b0eb9dede535bf255bd8,ee04e735b09f237a4a415c75cbf5c4569a921ed6,dfb2abfbd0d5b5431e372074ac76155f3b014339202325da0f365007267a4de8,48d2141ef993928d4e8a01d6b3c24dff665280c67f4167115b453613460cc661,semantic_loop_dictionary_first_event_v2,9f39bf57c2637dfa7f465103306ac6c7d17a321a036b175cc222dc1a204cd918,causal_semimarkov_posterior_export_v2_tail78,True,False,disabled,False,False,False,False,False,not_applicable,not_applicable,not_applicable,,,,,period target ledgers,48d2141ef993928d4e8a01d6b3c24dff665280c67f4167115b453613460cc661
development_2024,symbol,SOFI,19542,17559,452,0.0257417848397,0.97425821516,fc05b0eb9dede535bf255bd8,ee04e735b09f237a4a415c75cbf5c4569a921ed6,dfb2abfbd0d5b5431e372074ac76155f3b014339202325da0f365007267a4de8,48d2141ef993928d4e8a01d6b3c24dff665280c67f4167115b453613460cc661,semantic_loop_dictionary_first_event_v2,9f39bf57c2637dfa7f465103306ac6c7d17a321a036b175cc222dc1a204cd918,causal_semimarkov_posterior_export_v2_tail78,True,False,disabled,False,False,False,False,False,not_applicable,not_applicable,not_applicable,,,,,period target ledgers,48d2141ef993928d4e8a01d6b3c24dff665280c67f4167115b453613460cc661
development_2024,symbol,WULF,19463,17504,4527,0.258626599634,0.741373400366,fc05b0eb9dede535bf255bd8,ee04e735b09f237a4a415c75cbf5c4569a921ed6,dfb2abfbd0d5b5431e372074ac76155f3b014339202325da0f365007267a4de8,48d2141ef993928d4e8a01d6b3c24dff665280c67f4167115b453613460cc661,semantic_loop_dictionary_first_event_v2,9f39bf57c2637dfa7f465103306ac6c7d17a321a036b175cc222dc1a204cd918,causal_semimarkov_posterior_export_v2_tail78,True,False,disabled,False,False,False,False,False,not_applicable,not_applicable,not_applicable,,,,,period target ledgers,48d2141ef993928d4e8a01d6b3c24dff665280c67f4167115b453613460cc661
unchanged_retrospective_validation_2025,symbol,AAL,19368,17791,264,0.0148389635209,0.985161036479,fc05b0eb9dede535bf255bd8,ee04e735b09f237a4a415c75cbf5c4569a921ed6,dfb2abfbd0d5b5431e372074ac76155f3b014339202325da0f365007267a4de8,29e82d6539810e5fcebc13e860d07474c38ee0349fe38aedce0378f9aefb67a4,semantic_loop_dictionary_first_event_v2,9f39bf57c2637dfa7f465103306ac6c7d17a321a036b175cc222dc1a204cd918,causal_semimarkov_posterior_export_v2_tail78,True,False,disabled,False,False,False,False,False,not_applicable,not_applicable,not_applicable,,,,,period target ledgers,29e82d6539810e5fcebc13e860d07474c38ee0349fe38aedce0378f9aefb67a4
unchanged_retrospective_validation_2025,symbol,AAOI,19393,17816,2400,0.134710372699,0.865289627301,fc05b0eb9dede535bf255bd8,ee04e735b09f237a4a415c75cbf5c4569a921ed6,dfb2abfbd0d5b5431e372074ac76155f3b014339202325da0f365007267a4de8,29e82d6539810e5fcebc13e860d07474c38ee0349fe38aedce0378f9aefb67a4,semantic_loop_dictionary_first_event_v2,9f39bf57c2637dfa7f465103306ac6c7d17a321a036b175cc222dc1a204cd918,causal_semimarkov_posterior_export_v2_tail78,True,False,disabled,False,False,False,False,False,not_applicable,not_applicable,not_applicable,,,,,period target ledgers,29e82d6539810e5fcebc13e860d07474c38ee0349fe38aedce0378f9aefb67a4
unchanged_retrospective_validation_2025,symbol,APLD,19365,17378,2643,0.152088847969,0.847911152031,fc05b0eb9dede535bf255bd8,ee04e735b09f237a4a415c75cbf5c4569a921ed6,dfb2abfbd0d5b5431e372074ac76155f3b014339202325da0f365007267a4de8,29e82d6539810e5fcebc13e860d07474c38ee0349fe38aedce0378f9aefb67a4,semantic_loop_dictionary_first_event_v2,9f39bf57c2637dfa7f465103306ac6c7d17a321a036b175cc222dc1a204cd918,causal_semimarkov_posterior_export_v2_tail78,True,False,disabled,False,False,False,False,False,not_applicable,not_applicable,not_applicable,,,,,period target ledgers,29e82d6539810e5fcebc13e860d07474c38ee0349fe38aedce0378f9aefb67a4
unchanged_retrospective_validation_2025,symbol,ASTS,19393,17678,2137,0.120884715466,0.879115284534,fc05b0eb9dede535bf255bd8,ee04e735b09f237a4a415c75cbf5c4569a921ed6,dfb2abfbd0d5b5431e372074ac76155f3b014339202325da0f365007267a4de8,29e82d6539810e5fcebc13e860d07474c38ee0349fe38aedce0378f9aefb67a4,semantic_loop_dictionary_first_event_v2,9f39bf57c2637dfa7f465103306ac6c7d17a321a036b175cc222dc1a204cd918,causal_semimarkov_posterior_export_v2_tail78,True,False,disabled,False,False,False,False,False,not_applicable,not_applicable,not_applicable,,,,,period target ledgers,29e82d6539810e5fcebc13e860d07474c38ee0349fe38aedce0378f9aefb67a4
unchanged_retrospective_validation_2025,symbol,AXTI,17752,5998,654,0.109036345448,0.890963654552,fc05b0eb9dede535bf255bd8,ee04e735b09f237a4a415c75cbf5c4569a921ed6,dfb2abfbd0d5b5431e372074ac76155f3b014339202325da0f365007267a4de8,29e82d6539810e5fcebc13e860d07474c38ee0349fe38aedce0378f9aefb67a4,semantic_loop_dictionary_first_event_v2,9f39bf57c2637dfa7f465103306ac6c7d17a321a036b175cc222dc1a204cd918,causal_semimarkov_posterior_export_v2_tail78,True,False,disabled,False,False,False,False,False,not_applicable,not_applicable,not_applicable,,,,,period target ledgers,29e82d6539810e5fcebc13e860d07474c38ee0349fe38aedce0378f9aefb67a4
unchanged_retrospective_validation_2025,symbol,CIFR,19395,17402,3744,0.215147684174,0.784852315826,fc05b0eb9dede535bf255bd8,ee04e735b09f237a4a415c75cbf5c4569a921ed6,dfb2abfbd0d5b5431e372074ac76155f3b014339202325da0f365007267a4de8,29e82d6539810e5fcebc13e860d07474c38ee0349fe38aedce0378f9aefb67a4,semantic_loop_dictionary_first_event_v2,9f39bf57c2637dfa7f465103306ac6c7d17a321a036b175cc222dc1a204cd918,causal_semimarkov_posterior_export_v2_tail78,True,False,disabled,False,False,False,False,False,not_applicable,not_applicable,not_applicable,,,,,period target ledgers,29e82d6539810e5fcebc13e860d07474c38ee0349fe38aedce0378f9aefb67a4
unchanged_retrospective_validation_2025,symbol,HIMS,19388,17580,2340,0.133105802048,0.866894197952,fc05b0eb9dede535bf255bd8,ee04e735b09f237a4a415c75cbf5c4569a921ed6,dfb2abfbd0d5b5431e372074ac76155f3b014339202325da0f365007267a4de8,29e82d6539810e5fcebc13e860d07474c38ee0349fe38aedce0378f9aefb67a4,semantic_loop_dictionary_first_event_v2,9f39bf57c2637dfa7f465103306ac6c7d17a321a036b175cc222dc1a204cd918,causal_semimarkov_posterior_export_v2_tail78,True,False,disabled,False,False,False,False,False,not_applicable,not_applicable,not_applicable,,,,,period target ledgers,29e82d6539810e5fcebc13e860d07474c38ee0349fe38aedce0378f9aefb67a4
unchanged_retrospective_validation_2025,symbol,IONQ,19382,17347,2441,0.140715973944,0.859284026056,fc05b0eb9dede535bf255bd8,ee04e735b09f237a4a415c75cbf5c4569a921ed6,dfb2abfbd0d5b5431e372074ac76155f3b014339202325da0f365007267a4de8,29e82d6539810e5fcebc13e860d07474c38ee0349fe38aedce0378f9aefb67a4,semantic_loop_dictionary_first_event_v2,9f39bf57c2637dfa7f465103306ac6c7d17a321a036b175cc222dc1a204cd918,causal_semimarkov_posterior_export_v2_tail78,True,False,disabled,False,False,False,False,False,not_applicable,not_applicable,not_applicable,,,,,period target ledgers,29e82d6539810e5fcebc13e860d07474c38ee0349fe38aedce0378f9aefb67a4
unchanged_retrospective_validation_2025,symbol,IREN,19391,17622,2622,0.148791283623,0.851208716377,fc05b0eb9dede535bf255bd8,ee04e735b09f237a4a415c75cbf5c4569a921ed6,dfb2abfbd0d5b5431e372074ac76155f3b014339202325da0f365007267a4de8,29e82d6539810e5fcebc13e860d07474c38ee0349fe38aedce0378f9aefb67a4,semantic_loop_dictionary_first_event_v2,9f39bf57c2637dfa7f465103306ac6c7d17a321a036b175cc222dc1a204cd918,causal_semimarkov_posterior_export_v2_tail78,True,False,disabled,False,False,False,False,False,not_applicable,not_applicable,not_applicable,,,,,period target ledgers,29e82d6539810e5fcebc13e860d07474c38ee0349fe38aedce0378f9aefb67a4
unchanged_retrospective_validation_2025,symbol,MARA,19370,17914,1599,0.089259796807,0.910740203193,fc05b0eb9dede535bf255bd8,ee04e735b09f237a4a415c75cbf5c4569a921ed6,dfb2abfbd0d5b5431e372074ac76155f3b014339202325da0f365007267a4de8,29e82d6539810e5fcebc13e860d07474c38ee0349fe38aedce0378f9aefb67a4,semantic_loop_dictionary_first_event_v2,9f39bf57c2637dfa7f465103306ac6c7d17a321a036b175cc222dc1a204cd918,causal_semimarkov_posterior_export_v2_tail78,True,False,disabled,False,False,False,False,False,not_applicable,not_applicable,not_applicable,,,,,period target ledgers,29e82d6539810e5fcebc13e860d07474c38ee0349fe38aedce0378f9aefb67a4
unchanged_retrospective_validation_2025,symbol,MP,19388,17536,1274,0.0726505474453,0.927349452555,fc05b0eb9dede535bf255bd8,ee04e735b09f237a4a415c75cbf5c4569a921ed6,dfb2abfbd0d5b5431e372074ac76155f3b014339202325da0f365007267a4de8,29e82d6539810e5fcebc13e860d07474c38ee0349fe38aedce0378f9aefb67a4,semantic_loop_dictionary_first_event_v2,9f39bf57c2637dfa7f465103306ac6c7d17a321a036b175cc222dc1a204cd918,causal_semimarkov_posterior_export_v2_tail78,True,False,disabled,False,False,False,False,False,not_applicable,not_applicable,not_applicable,,,,,period target ledgers,29e82d6539810e5fcebc13e860d07474c38ee0349fe38aedce0378f9aefb67a4
unchanged_retrospective_validation_2025,symbol,MRNA,19394,17854,576,0.0322616780553,0.967738321945,fc05b0eb9dede535bf255bd8,ee04e735b09f237a4a415c75cbf5c4569a921ed6,dfb2abfbd0d5b5431e372074ac76155f3b014339202325da0f365007267a4de8,29e82d6539810e5fcebc13e860d07474c38ee0349fe38aedce0378f9aefb67a4,semantic_loop_dictionary_first_event_v2,9f39bf57c2637dfa7f465103306ac6c7d17a321a036b175cc222dc1a204cd918,causal_semimarkov_posterior_export_v2_tail78,True,False,disabled,False,False,False,False,False,not_applicable,not_applicable,not_applicable,,,,,period target ledgers,29e82d6539810e5fcebc13e860d07474c38ee0349fe38aedce0378f9aefb67a4
unchanged_retrospective_validation_2025,symbol,MSTR,19394,17932,1263,0.0704327459291,0.929567254071,fc05b0eb9dede535bf255bd8,ee04e735b09f237a4a415c75cbf5c4569a921ed6,dfb2abfbd0d5b5431e372074ac76155f3b014339202325da0f365007267a4de8,29e82d6539810e5fcebc13e860d07474c38ee0349fe38aedce0378f9aefb67a4,semantic_loop_dictionary_first_event_v2,9f39bf57c2637dfa7f465103306ac6c7d17a321a036b175cc222dc1a204cd918,causal_semimarkov_posterior_export_v2_tail78,True,False,disabled,False,False,False,False,False,not_applicable,not_applicable,not_applicable,,,,,period target ledgers,29e82d6539810e5fcebc13e860d07474c38ee0349fe38aedce0378f9aefb67a4
unchanged_retrospective_validation_2025,symbol,NVTS,19392,17291,2189,0.126597651958,0.873402348042,fc05b0eb9dede535bf255bd8,ee04e735b09f237a4a415c75cbf5c4569a921ed6,dfb2abfbd0d5b5431e372074ac76155f3b014339202325da0f365007267a4de8,29e82d6539810e5fcebc13e860d07474c38ee0349fe38aedce0378f9aefb67a4,semantic_loop_dictionary_first_event_v2,9f39bf57c2637dfa7f465103306ac6c7d17a321a036b175cc222dc1a204cd918,causal_semimarkov_posterior_export_v2_tail78,True,False,disabled,False,False,False,False,False,not_applicable,not_applicable,not_applicable,,,,,period target ledgers,29e82d6539810e5fcebc13e860d07474c38ee0349fe38aedce0378f9aefb67a4
unchanged_retrospective_validation_2025,symbol,OKLO,19388,17324,3443,0.198741630109,0.801258369891,fc05b0eb9dede535bf255bd8,ee04e735b09f237a4a415c75cbf5c4569a921ed6,dfb2abfbd0d5b5431e372074ac76155f3b014339202325da0f365007267a4de8,29e82d6539810e5fcebc13e860d07474c38ee0349fe38aedce0378f9aefb67a4,semantic_loop_dictionary_first_event_v2,9f39bf57c2637dfa7f465103306ac6c7d17a321a036b175cc222dc1a204cd918,causal_semimarkov_posterior_export_v2_tail78,True,False,disabled,False,False,False,False,False,not_applicable,not_applicable,not_applicable,,,,,period target ledgers,29e82d6539810e5fcebc13e860d07474c38ee0349fe38aedce0378f9aefb67a4
unchanged_retrospective_validation_2025,symbol,QBTS,19373,17207,3489,0.202766316034,0.797233683966,fc05b0eb9dede535bf255bd8,ee04e735b09f237a4a415c75cbf5c4569a921ed6,dfb2abfbd0d5b5431e372074ac76155f3b014339202325da0f365007267a4de8,29e82d6539810e5fcebc13e860d07474c38ee0349fe38aedce0378f9aefb67a4,semantic_loop_dictionary_first_event_v2,9f39bf57c2637dfa7f465103306ac6c7d17a321a036b175cc222dc1a204cd918,causal_semimarkov_posterior_export_v2_tail78,True,False,disabled,False,False,False,False,False,not_applicable,not_applicable,not_applicable,,,,,period target ledgers,29e82d6539810e5fcebc13e860d07474c38ee0349fe38aedce0378f9aefb67a4
unchanged_retrospective_validation_2025,symbol,RGTI,19390,17482,3217,0.184017846928,0.815982153072,fc05b0eb9dede535bf255bd8,ee04e735b09f237a4a415c75cbf5c4569a921ed6,dfb2abfbd0d5b5431e372074ac76155f3b014339202325da0f365007267a4de8,29e82d6539810e5fcebc13e860d07474c38ee0349fe38aedce0378f9aefb67a4,semantic_loop_dictionary_first_event_v2,9f39bf57c2637dfa7f465103306ac6c7d17a321a036b175cc222dc1a204cd918,causal_semimarkov_posterior_export_v2_tail78,True,False,disabled,False,False,False,False,False,not_applicable,not_applicable,not_applicable,,,,,period target ledgers,29e82d6539810e5fcebc13e860d07474c38ee0349fe38aedce0378f9aefb67a4
unchanged_retrospective_validation_2025,symbol,RIOT,19383,17701,1349,0.0762103835941,0.923789616406,fc05b0eb9dede535bf255bd8,ee04e735b09f237a4a415c75cbf5c4569a921ed6,dfb2abfbd0d5b5431e372074ac76155f3b014339202325da0f365007267a4de8,29e82d6539810e5fcebc13e860d07474c38ee0349fe38aedce0378f9aefb67a4,semantic_loop_dictionary_first_event_v2,9f39bf57c2637dfa7f465103306ac6c7d17a321a036b175cc222dc1a204cd918,causal_semimarkov_posterior_export_v2_tail78,True,False,disabled,False,False,False,False,False,not_applicable,not_applicable,not_applicable,,,,,period target ledgers,29e82d6539810e5fcebc13e860d07474c38ee0349fe38aedce0378f9aefb67a4
unchanged_retrospective_validation_2025,symbol,RIVN,19363,17943,765,0.0426350108677,0.957364989132,fc05b0eb9dede535bf255bd8,ee04e735b09f237a4a415c75cbf5c4569a921ed6,dfb2abfbd0d5b5431e372074ac76155f3b014339202325da0f365007267a4de8,29e82d6539810e5fcebc13e860d07474c38ee0349fe38aedce0378f9aefb67a4,semantic_loop_dictionary_first_event_v2,9f39bf57c2637dfa7f465103306ac6c7d17a321a036b175cc222dc1a204cd918,causal_semimarkov_posterior_export_v2_tail78,True,False,disabled,False,False,False,False,False,not_applicable,not_applicable,not_applicable,,,,,period target ledgers,29e82d6539810e5fcebc13e860d07474c38ee0349fe38aedce0378f9aefb67a4
unchanged_retrospective_validation_2025,symbol,SMCI,19394,17676,1205,0.0681715320208,0.931828467979,fc05b0eb9dede535bf255bd8,ee04e735b09f237a4a415c75cbf5c4569a921ed6,dfb2abfbd0d5b5431e372074ac76155f3b014339202325da0f365007267a4de8,29e82d6539810e5fcebc13e860d07474c38ee0349fe38aedce0378f9aefb67a4,semantic_loop_dictionary_first_event_v2,9f39bf57c2637dfa7f465103306ac6c7d17a321a036b175cc222dc1a204cd918,causal_semimarkov_posterior_export_v2_tail78,True,False,disabled,False,False,False,False,False,not_applicable,not_applicable,not_applicable,,,,,period target ledgers,29e82d6539810e5fcebc13e860d07474c38ee0349fe38aedce0378f9aefb67a4
unchanged_retrospective_validation_2025,symbol,SOFI,19390,17841,904,0.0506698055042,0.949330194496,fc05b0eb9dede535bf255bd8,ee04e735b09f237a4a415c75cbf5c4569a921ed6,dfb2abfbd0d5b5431e372074ac76155f3b014339202325da0f365007267a4de8,29e82d6539810e5fcebc13e860d07474c38ee0349fe38aedce0378f9aefb67a4,semantic_loop_dictionary_first_event_v2,9f39bf57c2637dfa7f465103306ac6c7d17a321a036b175cc222dc1a204cd918,causal_semimarkov_posterior_export_v2_tail78,True,False,disabled,False,False,False,False,False,not_applicable,not_applicable,not_applicable,,,,,period target ledgers,29e82d6539810e5fcebc13e860d07474c38ee0349fe38aedce0378f9aefb67a4
unchanged_retrospective_validation_2025,symbol,WULF,19388,17647,2717,0.153963846546,0.846036153454,fc05b0eb9dede535bf255bd8,ee04e735b09f237a4a415c75cbf5c4569a921ed6,dfb2abfbd0d5b5431e372074ac76155f3b014339202325da0f365007267a4de8,29e82d6539810e5fcebc13e860d07474c38ee0349fe38aedce0378f9aefb67a4,semantic_loop_dictionary_first_event_v2,9f39bf57c2637dfa7f465103306ac6c7d17a321a036b175cc222dc1a204cd918,causal_semimarkov_posterior_export_v2_tail78,True,False,disabled,False,False,False,False,False,not_applicable,not_applicable,not_applicable,,,,,period target ledgers,29e82d6539810e5fcebc13e860d07474c38ee0349fe38aedce0378f9aefb67a4
