symbol,present_in_safe_raw_manifest,raw_file_hash,data_qa_only,used_in_observable_model_training,used_in_feature_selection,used_in_threshold_selection,used_in_directional_outcome_analysis,used_in_post_hoc_tail_inspection,used_in_any_price_or_payoff_report,used_only_in_structural_nonprice_research,exposure_evidence_paths,exposure_status,eligible_for_cross_stock_holdout,exclusion_reason,vendor_qa_status,vendor_qa_issue_codes,bar_audit_passed,bar_audit_issue_codes,safe_raw_file
AAL,true,e071e75a021f207c380a86017b660c020d0a41f2f3bd480ef5dfb2fdc5561169,false,true,false,true,true,true,true,false,data/reports/audits/AAL_5m_audit.json|data/reports/research/20260630115359_vwap_reclaim_v2_intraday_session_flat_AAL_5m.json|data/reports/vendor_qa/AAL_5m_eodhd_qa.json|research/movement-regime-path/20260720-movement-conditioned-regime-path-probability-chain-v0/artifacts/primary/chain_ranking_metrics.csv|research/movement-regime-path/20260720-movement-conditioned-regime-path-probability-chain-v0/artifacts/primary/direction_metrics.csv|research/movement-regime-path/20260720-movement-conditioned-regime-path-probability-chain-v0/artifacts/primary/model_coefficients.json|research/movement-regime-path/20260720-movement-conditioned-regime-path-probability-chain-v0/artifacts/primary/movement_thresholds.json,outcome_exposed,false,prior_price_or_payoff_outcome_exposure,pass,,true,,data/raw/source=eodhd/endpoint=intraday/symbol=AAL/interval=5m/2024-01-01_2025-08-23.json
AAOI,true,1512166ffa12441550c08c0296c2017f34c43608c233bfe72429a079bc8dee61,false,true,false,true,true,true,true,false,data/reports/audits/AAOI_5m_audit.json|data/reports/research/20260630112300_vwap_reclaim_v2_intraday_session_flat_AAOI_5m.json|data/reports/vendor_qa/AAOI_5m_eodhd_qa.json|research/movement-regime-path/20260720-movement-conditioned-regime-path-probability-chain-v0/artifacts/primary/chain_ranking_metrics.csv|research/movement-regime-path/20260720-movement-conditioned-regime-path-probability-chain-v0/artifacts/primary/direction_metrics.csv|research/movement-regime-path/20260720-movement-conditioned-regime-path-probability-chain-v0/artifacts/primary/model_coefficients.json|research/movement-regime-path/20260720-movement-conditioned-regime-path-probability-chain-v0/artifacts/primary/movement_thresholds.json,outcome_exposed,false,prior_price_or_payoff_outcome_exposure,warning,validation_warnings,false,large_price_jump,data/raw/source=eodhd/endpoint=intraday/symbol=AAOI/interval=5m/2024-01-01_2025-08-23.json
AMAT,true,692fb165ba3131531a31b256b7b94df4f6a1538532c32263fdee4c3c32539b11,false,false,false,false,true,false,true,false,data/reports/audits/AMAT_5m_audit.json|data/reports/research/20260629134558_vwap_reclaim_rejection_intraday_session_flat_v1_AMAT.US_5m.json|data/reports/vendor_qa/AMAT_5m_eodhd_qa.json,outcome_exposed,false,prior_price_or_payoff_outcome_exposure,pass,,true,,data/raw/source=eodhd/endpoint=intraday/symbol=AMAT/interval=5m/2024-01-01_2025-08-23.json
APLD,true,44b68a5fd4dc898eb33cc0d3f63eae3aa424e4606b2c3087bbd1c32c94d94883,false,true,false,true,true,true,true,false,data/reports/audits/APLD_5m_audit.json|data/reports/research/20260630114600_vwap_reclaim_v2_intraday_session_flat_APLD_5m.json|data/reports/vendor_qa/APLD_5m_eodhd_qa.json|research/movement-regime-path/20260720-movement-conditioned-regime-path-probability-chain-v0/artifacts/primary/chain_ranking_metrics.csv|research/movement-regime-path/20260720-movement-conditioned-regime-path-probability-chain-v0/artifacts/primary/direction_metrics.csv|research/movement-regime-path/20260720-movement-conditioned-regime-path-probability-chain-v0/artifacts/primary/model_coefficients.json|research/movement-regime-path/20260720-movement-conditioned-regime-path-probability-chain-v0/artifacts/primary/movement_thresholds.json,outcome_exposed,false,prior_price_or_payoff_outcome_exposure,warning,validation_warnings,false,large_price_jump,data/raw/source=eodhd/endpoint=intraday/symbol=APLD/interval=5m/2024-01-01_2025-08-23.json
ASTS,true,f8c9170676cc882457cf11ab5e175b4f7275f969976bb331cee45b9db698eb13,false,true,false,true,true,true,true,false,data/reports/audits/ASTS_5m_audit.json|data/reports/research/20260630113030_vwap_reclaim_v2_intraday_session_flat_ASTS_5m.json|data/reports/vendor_qa/ASTS_5m_eodhd_qa.json|research/movement-regime-path/20260720-movement-conditioned-regime-path-probability-chain-v0/artifacts/primary/chain_ranking_metrics.csv|research/movement-regime-path/20260720-movement-conditioned-regime-path-probability-chain-v0/artifacts/primary/direction_metrics.csv|research/movement-regime-path/20260720-movement-conditioned-regime-path-probability-chain-v0/artifacts/primary/model_coefficients.json|research/movement-regime-path/20260720-movement-conditioned-regime-path-probability-chain-v0/artifacts/primary/movement_thresholds.json,outcome_exposed,false,prior_price_or_payoff_outcome_exposure,warning,validation_warnings,false,large_price_jump,data/raw/source=eodhd/endpoint=intraday/symbol=ASTS/interval=5m/2024-01-01_2025-08-23.json
AXTI,true,9cca5ecaa3e27893ed3ce2a552f5fca425f76e89722c6b2b499a4b77fe8c15ff,false,false,false,false,true,false,true,false,data/reports/audits/AXTI_5m_audit.json|data/reports/research/20260630111804_vwap_reclaim_v2_intraday_session_flat_AXTI_5m.json|data/reports/vendor_qa/AXTI_5m_eodhd_qa.json,outcome_exposed,false,prior_price_or_payoff_outcome_exposure,warning,validation_warnings,false,large_price_jump|timestamp_gap,data/raw/source=eodhd/endpoint=intraday/symbol=AXTI/interval=5m/2024-01-01_2025-08-23.json
BE,true,716df205009207cc600880d35f1e2051a64ede659cabcd7e6ab90501a7d0751f,false,false,false,false,true,false,true,false,data/reports/audits/BE_5m_audit.json|data/reports/research/20260630113322_vwap_reclaim_v2_intraday_session_flat_BE_5m.json|data/reports/vendor_qa/BE_5m_eodhd_qa.json,outcome_exposed,false,prior_price_or_payoff_outcome_exposure,warning,validation_warnings,false,large_price_jump,data/raw/source=eodhd/endpoint=intraday/symbol=BE/interval=5m/2024-01-01_2025-08-23.json
BMNR,true,6092d16a8406fe198417dc8b0a31c02e027016042d5a09dde6836b9a967d44b7,false,false,false,false,true,false,true,false,data/reports/audits/BMNR_5m_audit.json|data/reports/research/active_liquidation_midcap_failure_precursors_v0/active_liquidation_midcap_failure_precursors_v0_20260701T192220Z/active_liquidation_midcap_trades.csv|data/reports/vendor_qa/BMNR_5m_eodhd_qa.json,outcome_exposed,false,prior_price_or_payoff_outcome_exposure,pass,,true,,data/raw/source=eodhd/endpoint=intraday/symbol=BMNR/interval=5m/2024-01-01_2025-08-23.json
CIFR,true,59276ed5e2ca881e6425c6992cb38abf131a76330ed4b30c10908183fdd1c63c,false,true,false,true,true,true,true,false,data/reports/audits/CIFR_5m_audit.json|data/reports/research/20260630113538_vwap_reclaim_v2_intraday_session_flat_CIFR_5m.json|data/reports/vendor_qa/CIFR_5m_eodhd_qa.json|research/movement-regime-path/20260720-movement-conditioned-regime-path-probability-chain-v0/artifacts/primary/chain_ranking_metrics.csv|research/movement-regime-path/20260720-movement-conditioned-regime-path-probability-chain-v0/artifacts/primary/direction_metrics.csv|research/movement-regime-path/20260720-movement-conditioned-regime-path-probability-chain-v0/artifacts/primary/model_coefficients.json|research/movement-regime-path/20260720-movement-conditioned-regime-path-probability-chain-v0/artifacts/primary/movement_thresholds.json,outcome_exposed,false,prior_price_or_payoff_outcome_exposure,warning,validation_warnings,false,large_price_jump,data/raw/source=eodhd/endpoint=intraday/symbol=CIFR/interval=5m/2024-01-01_2025-08-23.json
CRCL,true,63af1147b423aba1470d9618a42d8cb53f0d9ebdc593605fc19dbf1e5d0c7e63,true,false,false,false,false,false,false,false,data/reports/audits/CRCL_5m_audit.json|data/reports/research|data/reports/vendor_qa/CRCL_5m_eodhd_qa.json,clean_data_qa_only,false,vendor_qa_or_bar_audit_not_passed,warning,validation_warnings,false,large_price_jump,data/raw/source=eodhd/endpoint=intraday/symbol=CRCL/interval=5m/2024-01-01_2025-08-23.json
DELL,true,fbe1f39f225dd9d2ee7c1c6505872276a8a2cdc25ddfde0daefc13681c492070,false,false,false,false,true,false,true,false,data/reports/audits/DELL_5m_audit.json|data/reports/research/20260630115309_vwap_reclaim_v2_intraday_session_flat_DELL_5m.json|data/reports/vendor_qa/DELL_5m_eodhd_qa.json,outcome_exposed,false,prior_price_or_payoff_outcome_exposure,warning,validation_warnings,false,large_price_jump,data/raw/source=eodhd/endpoint=intraday/symbol=DELL/interval=5m/2024-01-01_2025-08-23.json
ECHO,true,4f53cda18c2baa0c0354bb5f9a3ecbe5ed12ab4d8e11ba873c2f11161202b945,false,false,false,false,false,false,false,false,data/reports/audits/ECHO_5m_audit.json|data/reports/research/stage3_9_intraday_5m_us_liquid_25/summary.json|data/reports/research/stage3_9_intraday_5m_us_liquid_25/summary.md|data/reports/vendor_qa/ECHO_5m_eodhd_qa.json,unknown_assume_exposed,false,exposure_evidence_unresolved,missing,missing_vendor_qa,false,missing_bar_audit,data/raw/source=eodhd/endpoint=intraday/symbol=ECHO/interval=5m/2024-01-01_2025-08-23.json
HAL,true,12dc47c417e73f7cf0e2509911ebc78adbd4db14ad5165235053407031a10c28,false,false,false,false,true,false,true,false,data/reports/audits/HAL_5m_audit.json|data/reports/research/20260630114744_vwap_reclaim_v2_intraday_session_flat_HAL_5m.json|data/reports/vendor_qa/HAL_5m_eodhd_qa.json,outcome_exposed,false,prior_price_or_payoff_outcome_exposure,pass,,true,,data/raw/source=eodhd/endpoint=intraday/symbol=HAL/interval=5m/2024-01-01_2025-08-23.json
HIMS,true,d71aad132c0f9c2136f3c0261bfafa0a43cbedc4aaccad48509c1928750df3a9,false,true,false,true,true,true,true,false,data/reports/audits/HIMS_5m_audit.json|data/reports/research/20260630115908_vwap_reclaim_v2_intraday_session_flat_HIMS_5m.json|data/reports/vendor_qa/HIMS_5m_eodhd_qa.json|research/movement-regime-path/20260720-movement-conditioned-regime-path-probability-chain-v0/artifacts/primary/chain_ranking_metrics.csv|research/movement-regime-path/20260720-movement-conditioned-regime-path-probability-chain-v0/artifacts/primary/direction_metrics.csv|research/movement-regime-path/20260720-movement-conditioned-regime-path-probability-chain-v0/artifacts/primary/model_coefficients.json|research/movement-regime-path/20260720-movement-conditioned-regime-path-probability-chain-v0/artifacts/primary/movement_thresholds.json,outcome_exposed,false,prior_price_or_payoff_outcome_exposure,warning,validation_warnings,false,large_price_jump,data/raw/source=eodhd/endpoint=intraday/symbol=HIMS/interval=5m/2024-01-01_2025-08-23.json
HPQ,true,e6370b3139b75aaf1f62cd6ad8f9350848f08f81d4c16a191d929f973fc78032,false,false,false,false,true,false,true,false,data/reports/audits/HPQ_5m_audit.json|data/reports/research/20260630115024_vwap_reclaim_v2_intraday_session_flat_HPQ_5m.json|data/reports/vendor_qa/HPQ_5m_eodhd_qa.json,outcome_exposed,false,prior_price_or_payoff_outcome_exposure,pass,,true,,data/raw/source=eodhd/endpoint=intraday/symbol=HPQ/interval=5m/2024-01-01_2025-08-23.json
IONQ,true,46f4703170085f52318010b4f42334a62c7aa5e119ff35fd4164ca98a7a4fd50,false,true,false,true,true,true,true,false,data/reports/audits/IONQ_5m_audit.json|data/reports/research/20260630113304_vwap_reclaim_v2_intraday_session_flat_IONQ_5m.json|data/reports/vendor_qa/IONQ_5m_eodhd_qa.json|research/movement-regime-path/20260720-movement-conditioned-regime-path-probability-chain-v0/artifacts/primary/chain_ranking_metrics.csv|research/movement-regime-path/20260720-movement-conditioned-regime-path-probability-chain-v0/artifacts/primary/direction_metrics.csv|research/movement-regime-path/20260720-movement-conditioned-regime-path-probability-chain-v0/artifacts/primary/model_coefficients.json|research/movement-regime-path/20260720-movement-conditioned-regime-path-probability-chain-v0/artifacts/primary/movement_thresholds.json,outcome_exposed,false,prior_price_or_payoff_outcome_exposure,warning,validation_warnings,false,large_price_jump,data/raw/source=eodhd/endpoint=intraday/symbol=IONQ/interval=5m/2024-01-01_2025-08-23.json
IREN,true,d5899a22de98e0b691d2350acf2cc07c78e824dc8dfd0ce0ed358cfba465376c,false,true,false,true,true,true,true,false,data/reports/audits/IREN_5m_audit.json|data/reports/research/20260630112529_vwap_reclaim_v2_intraday_session_flat_IREN_5m.json|data/reports/vendor_qa/IREN_5m_eodhd_qa.json|research/movement-regime-path/20260720-movement-conditioned-regime-path-probability-chain-v0/artifacts/primary/chain_ranking_metrics.csv|research/movement-regime-path/20260720-movement-conditioned-regime-path-probability-chain-v0/artifacts/primary/direction_metrics.csv|research/movement-regime-path/20260720-movement-conditioned-regime-path-probability-chain-v0/artifacts/primary/model_coefficients.json|research/movement-regime-path/20260720-movement-conditioned-regime-path-probability-chain-v0/artifacts/primary/movement_thresholds.json,outcome_exposed,false,prior_price_or_payoff_outcome_exposure,warning,validation_warnings,false,large_price_jump,data/raw/source=eodhd/endpoint=intraday/symbol=IREN/interval=5m/2024-01-01_2025-08-23.json
JPM,true,3bcc575be6e6706988de58a19a7d21412081ac7140bee2c6ea51b16571c200cd,false,false,false,false,true,false,true,false,data/reports/audits/JPM_5m_audit.json|data/reports/research/20260629140125_vwap_reclaim_rejection_intraday_session_flat_v1_JPM.US_5m.json|data/reports/vendor_qa/JPM_5m_eodhd_qa.json,outcome_exposed,false,prior_price_or_payoff_outcome_exposure,pass,,true,,data/raw/source=eodhd/endpoint=intraday/symbol=JPM/interval=5m/2024-01-01_2025-08-23.json
MARA,true,415969c4658973eb2ca0addabfb3e6dd5dc4505232f40dfcd652bacf30f6a0da,false,true,false,true,true,true,true,false,data/reports/audits/MARA_5m_audit.json|data/reports/research/20260630120142_vwap_reclaim_v2_intraday_session_flat_MARA_5m.json|data/reports/vendor_qa/MARA_5m_eodhd_qa.json|research/movement-regime-path/20260720-movement-conditioned-regime-path-probability-chain-v0/artifacts/primary/chain_ranking_metrics.csv|research/movement-regime-path/20260720-movement-conditioned-regime-path-probability-chain-v0/artifacts/primary/direction_metrics.csv|research/movement-regime-path/20260720-movement-conditioned-regime-path-probability-chain-v0/artifacts/primary/model_coefficients.json|research/movement-regime-path/20260720-movement-conditioned-regime-path-probability-chain-v0/artifacts/primary/movement_thresholds.json,outcome_exposed,false,prior_price_or_payoff_outcome_exposure,pass,,true,,data/raw/source=eodhd/endpoint=intraday/symbol=MARA/interval=5m/2024-01-01_2025-08-23.json
MP,true,461ef4f756acd9a5c6e1fd24c8be5dec0ff67b89414c0fb9c6bbf8de7a6cf879,false,true,false,true,true,true,true,false,data/reports/audits/MP_5m_audit.json|data/reports/research/20260630120652_vwap_reclaim_v2_intraday_session_flat_MP_5m.json|data/reports/vendor_qa/MP_5m_eodhd_qa.json|research/movement-regime-path/20260720-movement-conditioned-regime-path-probability-chain-v0/artifacts/primary/chain_ranking_metrics.csv|research/movement-regime-path/20260720-movement-conditioned-regime-path-probability-chain-v0/artifacts/primary/direction_metrics.csv|research/movement-regime-path/20260720-movement-conditioned-regime-path-probability-chain-v0/artifacts/primary/model_coefficients.json|research/movement-regime-path/20260720-movement-conditioned-regime-path-probability-chain-v0/artifacts/primary/movement_thresholds.json,outcome_exposed,false,prior_price_or_payoff_outcome_exposure,warning,validation_warnings,false,large_price_jump,data/raw/source=eodhd/endpoint=intraday/symbol=MP/interval=5m/2024-01-01_2025-08-23.json
MRNA,true,484d41670946cb5133116e7c3402847342fa68a76bf8063c8f06fd94b9fb574a,false,true,false,true,true,true,true,false,data/reports/audits/MRNA_5m_audit.json|data/reports/research/20260630121156_vwap_reclaim_v2_intraday_session_flat_MRNA_5m.json|data/reports/vendor_qa/MRNA_5m_eodhd_qa.json|research/movement-regime-path/20260720-movement-conditioned-regime-path-probability-chain-v0/artifacts/primary/chain_ranking_metrics.csv|research/movement-regime-path/20260720-movement-conditioned-regime-path-probability-chain-v0/artifacts/primary/direction_metrics.csv|research/movement-regime-path/20260720-movement-conditioned-regime-path-probability-chain-v0/artifacts/primary/model_coefficients.json|research/movement-regime-path/20260720-movement-conditioned-regime-path-probability-chain-v0/artifacts/primary/movement_thresholds.json,outcome_exposed,false,prior_price_or_payoff_outcome_exposure,warning,validation_warnings,false,large_price_jump,data/raw/source=eodhd/endpoint=intraday/symbol=MRNA/interval=5m/2024-01-01_2025-08-23.json
MRVL,true,45e91fa5ce2d00863fa5f23511fa8ec7f9d492461343a0820c4ea8c3b853f3b7,false,false,false,false,true,false,true,false,data/reports/audits/MRVL_5m_audit.json|data/reports/research/20260628200825_moving_average_momentum_v1_MRVL_1d.json|data/reports/vendor_qa/MRVL_5m_eodhd_qa.json,outcome_exposed,false,prior_price_or_payoff_outcome_exposure,warning,validation_warnings,false,large_price_jump,data/raw/source=eodhd/endpoint=intraday/symbol=MRVL/interval=5m/2024-01-01_2025-08-23.json
MSFT,true,8a634e9a1f4eb4ec08cb155645c382302c9793c1e9c636897c43943ea50eee43,false,false,false,false,true,false,true,false,data/reports/audits/MSFT_5m_audit.json|data/reports/research/20260628195301_moving_average_momentum_v1_MSFT.US_1d.json|data/reports/vendor_qa/MSFT_5m_eodhd_qa.json,outcome_exposed,false,prior_price_or_payoff_outcome_exposure,pass,,true,,data/raw/source=eodhd/endpoint=intraday/symbol=MSFT/interval=5m/2024-01-01_2025-08-23.json
MSTR,true,71b7f70b5e7c314316d34c25e6783d4c260d287a60e5dd9e5651c9d58a9c0dcf,false,true,false,true,true,true,true,false,data/reports/audits/MSTR_5m_audit.json|data/reports/research/20260630112032_vwap_reclaim_v2_intraday_session_flat_MSTR_5m.json|data/reports/vendor_qa/MSTR_5m_eodhd_qa.json|research/movement-regime-path/20260720-movement-conditioned-regime-path-probability-chain-v0/artifacts/primary/chain_ranking_metrics.csv|research/movement-regime-path/20260720-movement-conditioned-regime-path-probability-chain-v0/artifacts/primary/direction_metrics.csv|research/movement-regime-path/20260720-movement-conditioned-regime-path-probability-chain-v0/artifacts/primary/model_coefficients.json|research/movement-regime-path/20260720-movement-conditioned-regime-path-probability-chain-v0/artifacts/primary/movement_thresholds.json,outcome_exposed,false,prior_price_or_payoff_outcome_exposure,warning,validation_warnings,false,large_price_jump,data/raw/source=eodhd/endpoint=intraday/symbol=MSTR/interval=5m/2024-01-01_2025-08-23.json
MU,true,e70c5286a5b3977142856dd771f0a3c33d1ac9f50091fd8251caf1aa81cabd69,false,false,false,false,true,false,true,false,data/reports/audits/MU_5m_audit.json|data/reports/research/20260628200826_moving_average_momentum_v1_MU_1d.json|data/reports/vendor_qa/MU_5m_eodhd_qa.json,outcome_exposed,false,prior_price_or_payoff_outcome_exposure,pass,,true,,data/raw/source=eodhd/endpoint=intraday/symbol=MU/interval=5m/2024-01-01_2025-08-23.json
NBIS,true,a54552cec2c3da354b45802602e8a72354f0c42b3c6673b32963592a25cb6737,false,false,false,false,true,false,true,false,data/reports/audits/NBIS_5m_audit.json|data/reports/research/20260630113839_vwap_reclaim_v2_intraday_session_flat_NBIS_5m.json|data/reports/vendor_qa/NBIS_5m_eodhd_qa.json,outcome_exposed,false,prior_price_or_payoff_outcome_exposure,warning,validation_warnings,false,large_price_jump,data/raw/source=eodhd/endpoint=intraday/symbol=NBIS/interval=5m/2024-01-01_2025-08-23.json
NVDA,true,f7a95b5720b296616fd181d59a9bb21d6b355cefab92fc10827be38cd06ca62b,false,false,false,false,true,false,true,false,data/reports/audits/NVDA_5m_audit.json|data/reports/research/20260628195302_moving_average_momentum_v1_NVDA.US_1d.json|data/reports/vendor_qa/NVDA_5m_eodhd_qa.json,outcome_exposed,false,prior_price_or_payoff_outcome_exposure,warning,validation_warnings,false,large_price_jump,data/raw/source=eodhd/endpoint=intraday/symbol=NVDA/interval=5m/2024-01-01_2025-08-23.json
NVTS,true,ec3528caddda4462b94a3feab084034eb04a734485a01bd2ce3203a72ec67c67,false,true,false,true,true,true,true,false,data/reports/audits/NVTS_5m_audit.json|data/reports/research/20260630112757_vwap_reclaim_v2_intraday_session_flat_NVTS_5m.json|data/reports/vendor_qa/NVTS_5m_eodhd_qa.json|research/movement-regime-path/20260720-movement-conditioned-regime-path-probability-chain-v0/artifacts/primary/chain_ranking_metrics.csv|research/movement-regime-path/20260720-movement-conditioned-regime-path-probability-chain-v0/artifacts/primary/direction_metrics.csv|research/movement-regime-path/20260720-movement-conditioned-regime-path-probability-chain-v0/artifacts/primary/model_coefficients.json|research/movement-regime-path/20260720-movement-conditioned-regime-path-probability-chain-v0/artifacts/primary/movement_thresholds.json,outcome_exposed,false,prior_price_or_payoff_outcome_exposure,warning,validation_warnings,false,large_price_jump,data/raw/source=eodhd/endpoint=intraday/symbol=NVTS/interval=5m/2024-01-01_2025-08-23.json
OKLO,true,5bf51c768fbb87aed81595994859a907ade1d4455e03b20a5e7c740cea6ebd6f,false,false,false,false,true,false,true,false,data/reports/audits/OKLO_5m_audit.json|data/reports/research/20260630115126_vwap_reclaim_v2_intraday_session_flat_OKLO_5m.json|data/reports/vendor_qa/OKLO_5m_eodhd_qa.json,outcome_exposed,false,prior_price_or_payoff_outcome_exposure,warning,validation_warnings,false,large_price_jump,data/raw/source=eodhd/endpoint=intraday/symbol=OKLO/interval=5m/2024-01-01_2025-08-23.json
ORCL,true,fbe7963c08ac1b924bb86e6fa12f8dbaa86b280c04c8f6020e393c5969c675f1,false,false,false,false,true,false,true,false,data/reports/audits/ORCL_5m_audit.json|data/reports/research/20260628200833_moving_average_momentum_v1_ORCL_1d.json|data/reports/vendor_qa/ORCL_5m_eodhd_qa.json,outcome_exposed,false,prior_price_or_payoff_outcome_exposure,warning,validation_warnings,false,large_price_jump,data/raw/source=eodhd/endpoint=intraday/symbol=ORCL/interval=5m/2024-01-01_2025-08-23.json
PLTR,true,9ae6929fe027e5a44371fdcd71fe102322ea50d9496791d3b2609fcc2519647d,false,false,false,false,true,false,true,false,data/reports/audits/PLTR_5m_audit.json|data/reports/research/20260628200836_moving_average_momentum_v1_PLTR_1d.json|data/reports/vendor_qa/PLTR_5m_eodhd_qa.json,outcome_exposed,false,prior_price_or_payoff_outcome_exposure,warning,validation_warnings,false,large_price_jump,data/raw/source=eodhd/endpoint=intraday/symbol=PLTR/interval=5m/2024-01-01_2025-08-23.json
QBTS,true,ac16142da6f31075dac0d10134286483b9ac58f54fb0731306bd7b14f2fb60cd,false,true,false,true,true,true,true,false,data/reports/audits/QBTS_5m_audit.json|data/reports/research/20260630113813_vwap_reclaim_v2_intraday_session_flat_QBTS_5m.json|data/reports/vendor_qa/QBTS_5m_eodhd_qa.json|research/movement-regime-path/20260720-movement-conditioned-regime-path-probability-chain-v0/artifacts/primary/chain_ranking_metrics.csv|research/movement-regime-path/20260720-movement-conditioned-regime-path-probability-chain-v0/artifacts/primary/direction_metrics.csv|research/movement-regime-path/20260720-movement-conditioned-regime-path-probability-chain-v0/artifacts/primary/model_coefficients.json|research/movement-regime-path/20260720-movement-conditioned-regime-path-probability-chain-v0/artifacts/primary/movement_thresholds.json,outcome_exposed,false,prior_price_or_payoff_outcome_exposure,warning,validation_warnings,false,large_price_jump,data/raw/source=eodhd/endpoint=intraday/symbol=QBTS/interval=5m/2024-01-01_2025-08-23.json
RGTI,true,a1724e78c1fe10499c57595030d2f64c0e11f70537c114dd13d2af781c9f4ea4,false,true,false,true,true,true,true,false,data/reports/audits/RGTI_5m_audit.json|data/reports/research/20260630114322_vwap_reclaim_v2_intraday_session_flat_RGTI_5m.json|data/reports/vendor_qa/RGTI_5m_eodhd_qa.json|research/movement-regime-path/20260720-movement-conditioned-regime-path-probability-chain-v0/artifacts/primary/chain_ranking_metrics.csv|research/movement-regime-path/20260720-movement-conditioned-regime-path-probability-chain-v0/artifacts/primary/direction_metrics.csv|research/movement-regime-path/20260720-movement-conditioned-regime-path-probability-chain-v0/artifacts/primary/model_coefficients.json|research/movement-regime-path/20260720-movement-conditioned-regime-path-probability-chain-v0/artifacts/primary/movement_thresholds.json,outcome_exposed,false,prior_price_or_payoff_outcome_exposure,warning,validation_warnings,false,large_price_jump,data/raw/source=eodhd/endpoint=intraday/symbol=RGTI/interval=5m/2024-01-01_2025-08-23.json
RIOT,true,4fcc291d9829bfd618430cd17e90f384e0a2a4f3a9be85500571a2452367248f,false,true,false,true,true,true,true,false,data/reports/audits/RIOT_5m_audit.json|data/reports/research/20260630120417_vwap_reclaim_v2_intraday_session_flat_RIOT_5m.json|data/reports/vendor_qa/RIOT_5m_eodhd_qa.json|research/movement-regime-path/20260720-movement-conditioned-regime-path-probability-chain-v0/artifacts/primary/chain_ranking_metrics.csv|research/movement-regime-path/20260720-movement-conditioned-regime-path-probability-chain-v0/artifacts/primary/direction_metrics.csv|research/movement-regime-path/20260720-movement-conditioned-regime-path-probability-chain-v0/artifacts/primary/model_coefficients.json|research/movement-regime-path/20260720-movement-conditioned-regime-path-probability-chain-v0/artifacts/primary/movement_thresholds.json,outcome_exposed,false,prior_price_or_payoff_outcome_exposure,pass,,true,,data/raw/source=eodhd/endpoint=intraday/symbol=RIOT/interval=5m/2024-01-01_2025-08-23.json
RIVN,true,3f2285a32946f6e7d8f1f81f8f3fa9ce0e12cba9ac8e86a145f32e5ba9ae8c41,false,true,false,true,true,true,true,false,data/reports/audits/RIVN_5m_audit.json|data/reports/research/20260630120925_vwap_reclaim_v2_intraday_session_flat_RIVN_5m.json|data/reports/vendor_qa/RIVN_5m_eodhd_qa.json|research/movement-regime-path/20260720-movement-conditioned-regime-path-probability-chain-v0/artifacts/primary/chain_ranking_metrics.csv|research/movement-regime-path/20260720-movement-conditioned-regime-path-probability-chain-v0/artifacts/primary/direction_metrics.csv|research/movement-regime-path/20260720-movement-conditioned-regime-path-probability-chain-v0/artifacts/primary/model_coefficients.json|research/movement-regime-path/20260720-movement-conditioned-regime-path-probability-chain-v0/artifacts/primary/movement_thresholds.json,outcome_exposed,false,prior_price_or_payoff_outcome_exposure,warning,validation_warnings,false,large_price_jump,data/raw/source=eodhd/endpoint=intraday/symbol=RIVN/interval=5m/2024-01-01_2025-08-23.json
SMCI,true,f3466be874aba0d11cde204ddd195b2cf73dfb363ea23ec70df98d1b64a50559,false,true,false,true,true,true,true,false,data/reports/audits/SMCI_5m_audit.json|data/reports/research/20260630114047_vwap_reclaim_v2_intraday_session_flat_SMCI_5m.json|data/reports/vendor_qa/SMCI_5m_eodhd_qa.json|research/movement-regime-path/20260720-movement-conditioned-regime-path-probability-chain-v0/artifacts/primary/chain_ranking_metrics.csv|research/movement-regime-path/20260720-movement-conditioned-regime-path-probability-chain-v0/artifacts/primary/direction_metrics.csv|research/movement-regime-path/20260720-movement-conditioned-regime-path-probability-chain-v0/artifacts/primary/model_coefficients.json|research/movement-regime-path/20260720-movement-conditioned-regime-path-probability-chain-v0/artifacts/primary/movement_thresholds.json,outcome_exposed,false,prior_price_or_payoff_outcome_exposure,warning,validation_warnings,false,large_price_jump,data/raw/source=eodhd/endpoint=intraday/symbol=SMCI/interval=5m/2024-01-01_2025-08-23.json
SNDK,true,fddaee0b498ee36fcd1e5b29f0ca4b2fb3087b6f139371b06c3340b86ebeb431,false,false,false,false,true,false,true,false,data/reports/audits/SNDK_5m_audit.json|data/reports/research/20260630113429_vwap_reclaim_v2_intraday_session_flat_SNDK_5m.json|data/reports/vendor_qa/SNDK_5m_eodhd_qa.json,outcome_exposed,false,prior_price_or_payoff_outcome_exposure,warning,validation_warnings,false,large_price_jump,data/raw/source=eodhd/endpoint=intraday/symbol=SNDK/interval=5m/2024-01-01_2025-08-23.json
SOFI,true,85acbcb725a7ea4dc395bf13b0791f96bc161b8d69bcc0decc41fdc482cc7cf8,false,true,false,true,true,true,true,false,data/reports/audits/SOFI_5m_audit.json|data/reports/research/20260630114844_vwap_reclaim_v2_intraday_session_flat_SOFI_5m.json|data/reports/vendor_qa/SOFI_5m_eodhd_qa.json|research/movement-regime-path/20260720-movement-conditioned-regime-path-probability-chain-v0/artifacts/primary/chain_ranking_metrics.csv|research/movement-regime-path/20260720-movement-conditioned-regime-path-probability-chain-v0/artifacts/primary/direction_metrics.csv|research/movement-regime-path/20260720-movement-conditioned-regime-path-probability-chain-v0/artifacts/primary/model_coefficients.json|research/movement-regime-path/20260720-movement-conditioned-regime-path-probability-chain-v0/artifacts/primary/movement_thresholds.json,outcome_exposed,false,prior_price_or_payoff_outcome_exposure,pass,,true,,data/raw/source=eodhd/endpoint=intraday/symbol=SOFI/interval=5m/2024-01-01_2025-08-23.json
TSLA,true,a3f1120eaddf5de2e7afc1d7351a002012c64cb580072a8e2f673785924a62ca,false,false,false,false,true,false,true,false,data/reports/audits/TSLA_5m_audit.json|data/reports/research/20260628200839_moving_average_momentum_v1_TSLA_1d.json|data/reports/vendor_qa/TSLA_5m_eodhd_qa.json,outcome_exposed,false,prior_price_or_payoff_outcome_exposure,pass,,true,,data/raw/source=eodhd/endpoint=intraday/symbol=TSLA/interval=5m/2024-01-01_2025-08-23.json
TSM,true,35dfc4aaa1bdde392dc0ee8767900a0f666dfb149d3834c3e9a6d45d96b49168,false,false,false,false,true,false,true,false,data/reports/audits/TSM_5m_audit.json|data/reports/research/20260628200840_moving_average_momentum_v1_TSM_1d.json|data/reports/vendor_qa/TSM_5m_eodhd_qa.json,outcome_exposed,false,prior_price_or_payoff_outcome_exposure,pass,,true,,data/raw/source=eodhd/endpoint=intraday/symbol=TSM/interval=5m/2024-01-01_2025-08-23.json
UNH,true,c1874475182bff85a6aa2ec948622be05ac1c8d7e47bcf6b31e92019c5c3a2c8,false,false,false,false,true,false,true,false,data/reports/audits/UNH_5m_audit.json|data/reports/research/20260630120600_vwap_reclaim_v2_intraday_session_flat_UNH_5m.json|data/reports/vendor_qa/UNH_5m_eodhd_qa.json,outcome_exposed,false,prior_price_or_payoff_outcome_exposure,pass,,true,,data/raw/source=eodhd/endpoint=intraday/symbol=UNH/interval=5m/2024-01-01_2025-08-23.json
WDC,true,ba901dc351329eec6da97ab4e23328fedbeae8255c5550ecbb71b9a98f58a590,false,false,false,false,true,false,true,false,data/reports/audits/WDC_5m_audit.json|data/reports/research/20260630114628_vwap_reclaim_v2_intraday_session_flat_WDC_5m.json|data/reports/vendor_qa/WDC_5m_eodhd_qa.json,outcome_exposed,false,prior_price_or_payoff_outcome_exposure,warning,validation_warnings,false,large_price_jump,data/raw/source=eodhd/endpoint=intraday/symbol=WDC/interval=5m/2024-01-01_2025-08-23.json
WULF,true,a14ec36f30acebb598160f2ebf9f3b5602beef88970ee3a888c30cc85dd383c3,false,true,false,true,true,true,true,false,data/reports/audits/WULF_5m_audit.json|data/reports/research/20260630115635_vwap_reclaim_v2_intraday_session_flat_WULF_5m.json|data/reports/vendor_qa/WULF_5m_eodhd_qa.json|research/movement-regime-path/20260720-movement-conditioned-regime-path-probability-chain-v0/artifacts/primary/chain_ranking_metrics.csv|research/movement-regime-path/20260720-movement-conditioned-regime-path-probability-chain-v0/artifacts/primary/direction_metrics.csv|research/movement-regime-path/20260720-movement-conditioned-regime-path-probability-chain-v0/artifacts/primary/model_coefficients.json|research/movement-regime-path/20260720-movement-conditioned-regime-path-probability-chain-v0/artifacts/primary/movement_thresholds.json,outcome_exposed,false,prior_price_or_payoff_outcome_exposure,warning,validation_warnings,false,large_price_jump,data/raw/source=eodhd/endpoint=intraday/symbol=WULF/interval=5m/2024-01-01_2025-08-23.json
