record_type,stage,population,comparison,draw,metric,value,interval_level,lower,upper
draw,A_primary,pooled,U1_minus_U0,0.0,log_loss_improvement,0.005046367375903249,,,
draw,A_primary,pooled,U1_minus_U0,0.0,brier_improvement,0.0019359299591456547,,,
draw,A_primary,pooled,U1_minus_U0,0.0,auc_improvement,0.011859987958260598,,,
draw,A_primary,pooled,U1_minus_U0,0.0,top_decile_precision_improvement,0.004183868653380052,,,
draw,A_diagnostic,pooled,R1_minus_R0,0.0,log_loss_improvement,0.0006844272406705543,,,
draw,A_diagnostic,pooled,R1_minus_R0,0.0,brier_improvement,9.69100493403846e-06,,,
draw,A_primary,ordinal_6,U1_minus_U0,0.0,log_loss_improvement,0.007523470680420974,,,
draw,A_primary,ordinal_6,U1_minus_U0,0.0,brier_improvement,0.002785626597361701,,,
draw,A_primary,ordinal_6,U1_minus_U0,0.0,auc_improvement,0.020715262426701186,,,
draw,A_primary,ordinal_6,U1_minus_U0,0.0,top_decile_precision_improvement,-0.007594936708860911,,,
draw,A_diagnostic,ordinal_6,R1_minus_R0,0.0,log_loss_improvement,-0.0002060072964904791,,,
draw,A_diagnostic,ordinal_6,R1_minus_R0,0.0,brier_improvement,-0.00026371828185615953,,,
draw,A_primary,ordinal_12,U1_minus_U0,0.0,log_loss_improvement,0.0025692640713856907,,,
draw,A_primary,ordinal_12,U1_minus_U0,0.0,brier_improvement,0.0010862333209296915,,,
draw,A_primary,ordinal_12,U1_minus_U0,0.0,auc_improvement,0.005582184032648985,,,
draw,A_primary,ordinal_12,U1_minus_U0,0.0,top_decile_precision_improvement,0.006240056030327845,,,
draw,A_diagnostic,ordinal_12,R1_minus_R0,0.0,log_loss_improvement,0.0016414869749866168,,,
draw,A_diagnostic,ordinal_12,R1_minus_R0,0.0,brier_improvement,0.00030355766043148324,,,
draw,A_primary,low_transition,U1_minus_U0,0.0,log_loss_improvement,0.007039736868172053,,,
draw,A_primary,low_transition,U1_minus_U0,0.0,brier_improvement,0.0028291501220932547,,,
draw,A_primary,low_transition,U1_minus_U0,0.0,auc_improvement,0.015753815842606045,,,
draw,A_primary,low_transition,U1_minus_U0,0.0,top_decile_precision_improvement,0.016640171003588167,,,
draw,A_diagnostic,low_transition,R1_minus_R0,0.0,log_loss_improvement,0.0011800752939718218,,,
draw,A_diagnostic,low_transition,R1_minus_R0,0.0,brier_improvement,8.908530680627053e-05,,,
draw,B,pooled,F1_minus_F0,0.0,multiclass_log_loss_improvement,0.0077045961383048756,,,
draw,B,pooled,F1_minus_F0,0.0,multiclass_brier_improvement,0.00230616895472302,,,
draw,B,pooled,F1_minus_F0,0.0,top_two_accuracy_improvement,0.0006137479541733493,,,
draw,A_primary,pooled,U1_minus_U0,1.0,log_loss_improvement,0.004486092367032346,,,
draw,A_primary,pooled,U1_minus_U0,1.0,brier_improvement,0.0014419370545856458,,,
draw,A_primary,pooled,U1_minus_U0,1.0,auc_improvement,0.010002911467954956,,,
draw,A_primary,pooled,U1_minus_U0,1.0,top_decile_precision_improvement,0.01795482598549658,,,
draw,A_diagnostic,pooled,R1_minus_R0,1.0,log_loss_improvement,-0.0006572855622277163,,,
draw,A_diagnostic,pooled,R1_minus_R0,1.0,brier_improvement,-0.00029745703384496947,,,
draw,A_primary,ordinal_6,U1_minus_U0,1.0,log_loss_improvement,0.008602912018357167,,,
draw,A_primary,ordinal_6,U1_minus_U0,1.0,brier_improvement,0.0030925338413122228,,,
draw,A_primary,ordinal_6,U1_minus_U0,1.0,auc_improvement,0.02119550599382969,,,
draw,A_primary,ordinal_6,U1_minus_U0,1.0,top_decile_precision_improvement,0.02440467792970641,,,
draw,A_diagnostic,ordinal_6,R1_minus_R0,1.0,log_loss_improvement,-0.0007944526728014267,,,
draw,A_diagnostic,ordinal_6,R1_minus_R0,1.0,brier_improvement,-0.00021661771530231272,,,
draw,A_primary,ordinal_12,U1_minus_U0,1.0,log_loss_improvement,0.00036927271570752485,,,
draw,A_primary,ordinal_12,U1_minus_U0,1.0,brier_improvement,-0.0002086597321410144,,,
draw,A_primary,ordinal_12,U1_minus_U0,1.0,auc_improvement,0.0018070502126634747,,,
draw,A_primary,ordinal_12,U1_minus_U0,1.0,top_decile_precision_improvement,0.01601602391080359,,,
draw,A_diagnostic,ordinal_12,R1_minus_R0,1.0,log_loss_improvement,-0.0005081482003987114,,,
draw,A_diagnostic,ordinal_12,R1_minus_R0,1.0,brier_improvement,-0.00038535100966086144,,,
draw,A_primary,low_transition,U1_minus_U0,1.0,log_loss_improvement,0.006167644301182995,,,
draw,A_primary,low_transition,U1_minus_U0,1.0,brier_improvement,0.0019901202467280388,,,
draw,A_primary,low_transition,U1_minus_U0,1.0,auc_improvement,0.014787285888390844,,,
draw,A_primary,low_transition,U1_minus_U0,1.0,top_decile_precision_improvement,0.01409817499546373,,,
draw,A_diagnostic,low_transition,R1_minus_R0,1.0,log_loss_improvement,5.728337923671667e-05,,,
draw,A_diagnostic,low_transition,R1_minus_R0,1.0,brier_improvement,-2.3684038613698555e-05,,,
draw,B,pooled,F1_minus_F0,1.0,multiclass_log_loss_improvement,0.004499126752832927,,,
draw,B,pooled,F1_minus_F0,1.0,multiclass_brier_improvement,0.0008045940679479724,,,
draw,B,pooled,F1_minus_F0,1.0,top_two_accuracy_improvement,0.001840358744394699,,,
draw,A_primary,pooled,U1_minus_U0,2.0,log_loss_improvement,0.004922827740785118,,,
draw,A_primary,pooled,U1_minus_U0,2.0,brier_improvement,0.0015257908339852133,,,
draw,A_primary,pooled,U1_minus_U0,2.0,auc_improvement,0.01063547799174902,,,
draw,A_primary,pooled,U1_minus_U0,2.0,top_decile_precision_improvement,0.0021530796904264404,,,
draw,A_diagnostic,pooled,R1_minus_R0,2.0,log_loss_improvement,-0.0007059444935267056,,,
draw,A_diagnostic,pooled,R1_minus_R0,2.0,brier_improvement,-0.000236670953238656,,,
draw,A_primary,ordinal_6,U1_minus_U0,2.0,log_loss_improvement,0.004436429218568294,,,
draw,A_primary,ordinal_6,U1_minus_U0,2.0,brier_improvement,0.0011595392775176072,,,
draw,A_primary,ordinal_6,U1_minus_U0,2.0,auc_improvement,0.013758023817080023,,,
draw,A_primary,ordinal_6,U1_minus_U0,2.0,top_decile_precision_improvement,0.02870638578011836,,,
draw,A_diagnostic,ordinal_6,R1_minus_R0,2.0,log_loss_improvement,-0.0015248022208252943,,,
draw,A_diagnostic,ordinal_6,R1_minus_R0,2.0,brier_improvement,-0.0004591131457509015,,,
draw,A_primary,ordinal_12,U1_minus_U0,2.0,log_loss_improvement,0.005409226263002109,,,
draw,A_primary,ordinal_12,U1_minus_U0,2.0,brier_improvement,0.0018920423904528472,,,
draw,A_primary,ordinal_12,U1_minus_U0,2.0,auc_improvement,0.009813809132016682,,,
draw,A_primary,ordinal_12,U1_minus_U0,2.0,top_decile_precision_improvement,-0.004024115021733943,,,
draw,A_diagnostic,ordinal_12,R1_minus_R0,2.0,log_loss_improvement,0.00019498109846094458,,,
draw,A_diagnostic,ordinal_12,R1_minus_R0,2.0,brier_improvement,8.064923692333026e-06,,,
draw,A_primary,low_transition,U1_minus_U0,2.0,log_loss_improvement,0.007499276773673125,,,
draw,A_primary,low_transition,U1_minus_U0,2.0,brier_improvement,0.0025646496797030738,,,
draw,A_primary,low_transition,U1_minus_U0,2.0,auc_improvement,0.016646213199496995,,,
draw,A_primary,low_transition,U1_minus_U0,2.0,top_decile_precision_improvement,-0.008459691583815432,,,
draw,A_diagnostic,low_transition,R1_minus_R0,2.0,log_loss_improvement,0.0003726412608013874,,,
draw,A_diagnostic,low_transition,R1_minus_R0,2.0,brier_improvement,0.00011811093838033637,,,
draw,B,pooled,F1_minus_F0,2.0,multiclass_log_loss_improvement,0.007281195695912235,,,
draw,B,pooled,F1_minus_F0,2.0,multiclass_brier_improvement,0.0027558010998963156,,,
draw,B,pooled,F1_minus_F0,2.0,top_two_accuracy_improvement,-0.0012935703593602854,,,
draw,A_primary,pooled,U1_minus_U0,3.0,log_loss_improvement,0.0037104955047229105,,,
draw,A_primary,pooled,U1_minus_U0,3.0,brier_improvement,0.0013764298686096965,,,
draw,A_primary,pooled,U1_minus_U0,3.0,auc_improvement,0.007420220388028698,,,
draw,A_primary,pooled,U1_minus_U0,3.0,top_decile_precision_improvement,0.013808435811567987,,,
draw,A_diagnostic,pooled,R1_minus_R0,3.0,log_loss_improvement,0.000507325242320833,,,
draw,A_diagnostic,pooled,R1_minus_R0,3.0,brier_improvement,3.1011265095921836e-05,,,
draw,A_primary,ordinal_6,U1_minus_U0,3.0,log_loss_improvement,0.006398794965965737,,,
draw,A_primary,ordinal_6,U1_minus_U0,3.0,brier_improvement,0.0025163983068730578,,,
draw,A_primary,ordinal_6,U1_minus_U0,3.0,auc_improvement,0.013685866919745937,,,
draw,A_primary,ordinal_6,U1_minus_U0,3.0,top_decile_precision_improvement,0.03318188061052402,,,
draw,A_diagnostic,ordinal_6,R1_minus_R0,3.0,log_loss_improvement,0.00016942196967742462,,,
draw,A_diagnostic,ordinal_6,R1_minus_R0,3.0,brier_improvement,-1.007197939038168e-05,,,
draw,A_primary,ordinal_12,U1_minus_U0,3.0,log_loss_improvement,0.0010221960434799726,,,
draw,A_primary,ordinal_12,U1_minus_U0,3.0,brier_improvement,0.00023646143034636302,,,
draw,A_primary,ordinal_12,U1_minus_U0,3.0,auc_improvement,0.0025240432729449758,,,
draw,A_primary,ordinal_12,U1_minus_U0,3.0,top_decile_precision_improvement,0.009185544756741382,,,
draw,A_diagnostic,ordinal_12,R1_minus_R0,3.0,log_loss_improvement,0.0008741916783899517,,,
draw,A_diagnostic,ordinal_12,R1_minus_R0,3.0,brier_improvement,7.561593367144681e-05,,,
draw,A_primary,low_transition,U1_minus_U0,3.0,log_loss_improvement,0.007122052110876187,,,
draw,A_primary,low_transition,U1_minus_U0,3.0,brier_improvement,0.0025738709256208914,,,
draw,A_primary,low_transition,U1_minus_U0,3.0,auc_improvement,0.01608752419958015,,,
draw,A_primary,low_transition,U1_minus_U0,3.0,top_decile_precision_improvement,-0.035668156584535926,,,
draw,A_diagnostic,low_transition,R1_minus_R0,3.0,log_loss_improvement,0.0007775885982565789,,,
draw,A_diagnostic,low_transition,R1_minus_R0,3.0,brier_improvement,0.00016221579398875002,,,
draw,B,pooled,F1_minus_F0,3.0,multiclass_log_loss_improvement,0.003078634462871488,,,
draw,B,pooled,F1_minus_F0,3.0,multiclass_brier_improvement,-0.0009118880399183182,,,
draw,B,pooled,F1_minus_F0,3.0,top_two_accuracy_improvement,0.001753768208592521,,,
draw,A_primary,pooled,U1_minus_U0,4.0,log_loss_improvement,0.0030760701966134896,,,
draw,A_primary,pooled,U1_minus_U0,4.0,brier_improvement,0.0009535421299575464,,,
draw,A_primary,pooled,U1_minus_U0,4.0,auc_improvement,0.007260225948793719,,,
draw,A_primary,pooled,U1_minus_U0,4.0,top_decile_precision_improvement,-0.0008617107673970503,,,
draw,A_diagnostic,pooled,R1_minus_R0,4.0,log_loss_improvement,0.0002753674361255509,,,
draw,A_diagnostic,pooled,R1_minus_R0,4.0,brier_improvement,-7.991497563517025e-05,,,
draw,A_primary,ordinal_6,U1_minus_U0,4.0,log_loss_improvement,0.006095252366560666,,,
draw,A_primary,ordinal_6,U1_minus_U0,4.0,brier_improvement,0.001998968916487154,,,
draw,A_primary,ordinal_6,U1_minus_U0,4.0,auc_improvement,0.018083983710607376,,,
draw,A_primary,ordinal_6,U1_minus_U0,4.0,top_decile_precision_improvement,0.010192525481313663,,,
draw,A_diagnostic,ordinal_6,R1_minus_R0,4.0,log_loss_improvement,-0.0001588078545933791,,,
draw,A_diagnostic,ordinal_6,R1_minus_R0,4.0,brier_improvement,-0.0002335482778888856,,,
draw,A_primary,ordinal_12,U1_minus_U0,4.0,log_loss_improvement,5.688802666614645e-05,,,
draw,A_primary,ordinal_12,U1_minus_U0,4.0,brier_improvement,-9.188465657206102e-05,,,
draw,A_primary,ordinal_12,U1_minus_U0,4.0,auc_improvement,0.0003940861400588691,,,
draw,A_primary,ordinal_12,U1_minus_U0,4.0,top_decile_precision_improvement,-0.003128218661503368,,,
draw,A_diagnostic,ordinal_12,R1_minus_R0,4.0,log_loss_improvement,0.0007526080288153825,,,
draw,A_diagnostic,ordinal_12,R1_minus_R0,4.0,brier_improvement,8.895702097949654e-05,,,
draw,A_primary,low_transition,U1_minus_U0,4.0,log_loss_improvement,0.0061992143023881785,,,
draw,A_primary,low_transition,U1_minus_U0,4.0,brier_improvement,0.0021472161633556697,,,
draw,A_primary,low_transition,U1_minus_U0,4.0,auc_improvement,0.014461475349110686,,,
draw,A_primary,low_transition,U1_minus_U0,4.0,top_decile_precision_improvement,-0.04087095006978736,,,
draw,A_diagnostic,low_transition,R1_minus_R0,4.0,log_loss_improvement,9.609825441944664e-05,,,
draw,A_diagnostic,low_transition,R1_minus_R0,4.0,brier_improvement,-0.00017930810069693298,,,
draw,B,pooled,F1_minus_F0,4.0,multiclass_log_loss_improvement,0.00393322899616555,,,
draw,B,pooled,F1_minus_F0,4.0,multiclass_brier_improvement,-0.0003612087150492438,,,
draw,B,pooled,F1_minus_F0,4.0,top_two_accuracy_improvement,-0.0001009006315632055,,,
draw,A_primary,pooled,U1_minus_U0,5.0,log_loss_improvement,0.0031859029037225595,,,
draw,A_primary,pooled,U1_minus_U0,5.0,brier_improvement,0.0009066585193127918,,,
draw,A_primary,pooled,U1_minus_U0,5.0,auc_improvement,0.007333940520590332,,,
draw,A_primary,pooled,U1_minus_U0,5.0,top_decile_precision_improvement,0.01006284582879935,,,
draw,A_diagnostic,pooled,R1_minus_R0,5.0,log_loss_improvement,0.0010336103970060573,,,
draw,A_diagnostic,pooled,R1_minus_R0,5.0,brier_improvement,0.00028909372282019674,,,
draw,A_primary,ordinal_6,U1_minus_U0,5.0,log_loss_improvement,0.006869403090087101,,,
draw,A_primary,ordinal_6,U1_minus_U0,5.0,brier_improvement,0.0021946157024517743,,,
draw,A_primary,ordinal_6,U1_minus_U0,5.0,auc_improvement,0.014295474702411659,,,
draw,A_primary,ordinal_6,U1_minus_U0,5.0,top_decile_precision_improvement,0.04094852515905145,,,
draw,A_diagnostic,ordinal_6,R1_minus_R0,5.0,log_loss_improvement,-0.00043156121860582486,,,
draw,A_diagnostic,ordinal_6,R1_minus_R0,5.0,brier_improvement,-0.00010346797891318954,,,
draw,A_primary,ordinal_12,U1_minus_U0,5.0,log_loss_improvement,-0.0004975972826420927,,,
draw,A_primary,ordinal_12,U1_minus_U0,5.0,brier_improvement,-0.00038129866382621835,,,
draw,A_primary,ordinal_12,U1_minus_U0,5.0,auc_improvement,0.002048724968864657,,,
draw,A_primary,ordinal_12,U1_minus_U0,5.0,top_decile_precision_improvement,0.0036912112177098777,,,
draw,A_diagnostic,ordinal_12,R1_minus_R0,5.0,log_loss_improvement,0.0025776491117822653,,,
draw,A_diagnostic,ordinal_12,R1_minus_R0,5.0,brier_improvement,0.0007027861933514984,,,
draw,A_primary,low_transition,U1_minus_U0,5.0,log_loss_improvement,0.008587169637040759,,,
draw,A_primary,low_transition,U1_minus_U0,5.0,brier_improvement,0.0028567333066164546,,,
draw,A_primary,low_transition,U1_minus_U0,5.0,auc_improvement,0.01785911919158134,,,
draw,A_primary,low_transition,U1_minus_U0,5.0,top_decile_precision_improvement,0.003425038285113813,,,
draw,A_diagnostic,low_transition,R1_minus_R0,5.0,log_loss_improvement,0.0011698148557920396,,,
draw,A_diagnostic,low_transition,R1_minus_R0,5.0,brier_improvement,0.0003050474539058462,,,
draw,B,pooled,F1_minus_F0,5.0,multiclass_log_loss_improvement,0.0031022173328580926,,,
draw,B,pooled,F1_minus_F0,5.0,multiclass_brier_improvement,-0.0007849046260629544,,,
draw,B,pooled,F1_minus_F0,5.0,top_two_accuracy_improvement,-0.001220886551465017,,,
draw,A_primary,pooled,U1_minus_U0,6.0,log_loss_improvement,0.004056559821535521,,,
draw,A_primary,pooled,U1_minus_U0,6.0,brier_improvement,0.0013909966113855032,,,
draw,A_primary,pooled,U1_minus_U0,6.0,auc_improvement,0.009429674091290807,,,
draw,A_primary,pooled,U1_minus_U0,6.0,top_decile_precision_improvement,0.0069006431220560716,,,
draw,A_diagnostic,pooled,R1_minus_R0,6.0,log_loss_improvement,0.0003855895629767403,,,
draw,A_diagnostic,pooled,R1_minus_R0,6.0,brier_improvement,-1.306849776526453e-05,,,
draw,A_primary,ordinal_6,U1_minus_U0,6.0,log_loss_improvement,0.005612874142319979,,,
draw,A_primary,ordinal_6,U1_minus_U0,6.0,brier_improvement,0.00201350092040381,,,
draw,A_primary,ordinal_6,U1_minus_U0,6.0,auc_improvement,0.013961679117669101,,,
draw,A_primary,ordinal_6,U1_minus_U0,6.0,top_decile_precision_improvement,-0.017150365466634176,,,
draw,A_diagnostic,ordinal_6,R1_minus_R0,6.0,log_loss_improvement,-0.00012363980376003947,,,
draw,A_diagnostic,ordinal_6,R1_minus_R0,6.0,brier_improvement,-0.00017418059457786905,,,
draw,A_primary,ordinal_12,U1_minus_U0,6.0,log_loss_improvement,0.0025002455007512303,,,
draw,A_primary,ordinal_12,U1_minus_U0,6.0,brier_improvement,0.0007684923023672241,,,
draw,A_primary,ordinal_12,U1_minus_U0,6.0,auc_improvement,0.006002724261004344,,,
draw,A_primary,ordinal_12,U1_minus_U0,6.0,top_decile_precision_improvement,0.011485828766056194,,,
draw,A_diagnostic,ordinal_12,R1_minus_R0,6.0,log_loss_improvement,0.0009539677117275658,,,
draw,A_diagnostic,ordinal_12,R1_minus_R0,6.0,brier_improvement,0.0001667573357575225,,,
draw,A_primary,low_transition,U1_minus_U0,6.0,log_loss_improvement,0.007557279627131097,,,
draw,A_primary,low_transition,U1_minus_U0,6.0,brier_improvement,0.0028249190341337604,,,
draw,A_primary,low_transition,U1_minus_U0,6.0,auc_improvement,0.01694346014343373,,,
draw,A_primary,low_transition,U1_minus_U0,6.0,top_decile_precision_improvement,0.002222782951782132,,,
draw,A_diagnostic,low_transition,R1_minus_R0,6.0,log_loss_improvement,0.00042481949068695624,,,
draw,A_diagnostic,low_transition,R1_minus_R0,6.0,brier_improvement,-1.3497442659368697e-05,,,
draw,B,pooled,F1_minus_F0,6.0,multiclass_log_loss_improvement,0.0007836711243141004,,,
draw,B,pooled,F1_minus_F0,6.0,multiclass_brier_improvement,-0.0017127814638962513,,,
draw,B,pooled,F1_minus_F0,6.0,top_two_accuracy_improvement,-0.0012123360510458703,,,
draw,A_primary,pooled,U1_minus_U0,7.0,log_loss_improvement,0.003307202655755459,,,
draw,A_primary,pooled,U1_minus_U0,7.0,brier_improvement,0.0010153086474994633,,,
draw,A_primary,pooled,U1_minus_U0,7.0,auc_improvement,0.007115888750059085,,,
draw,A_primary,pooled,U1_minus_U0,7.0,top_decile_precision_improvement,0.028151898930063424,,,
draw,A_diagnostic,pooled,R1_minus_R0,7.0,log_loss_improvement,0.00021707417542368712,,,
draw,A_diagnostic,pooled,R1_minus_R0,7.0,brier_improvement,1.2297008068908044e-05,,,
draw,A_primary,ordinal_6,U1_minus_U0,7.0,log_loss_improvement,0.008860551055384747,,,
draw,A_primary,ordinal_6,U1_minus_U0,7.0,brier_improvement,0.003206515674330279,,,
draw,A_primary,ordinal_6,U1_minus_U0,7.0,auc_improvement,0.01817103583691393,,,
draw,A_primary,ordinal_6,U1_minus_U0,7.0,top_decile_precision_improvement,0.08939095575102768,,,
draw,A_diagnostic,ordinal_6,R1_minus_R0,7.0,log_loss_improvement,-0.0010754036026588698,,,
draw,A_diagnostic,ordinal_6,R1_minus_R0,7.0,brier_improvement,-0.0003233349359444068,,,
draw,A_primary,ordinal_12,U1_minus_U0,7.0,log_loss_improvement,-0.0022461457438737176,,,
draw,A_primary,ordinal_12,U1_minus_U0,7.0,brier_improvement,-0.001175898379331325,,,
draw,A_primary,ordinal_12,U1_minus_U0,7.0,auc_improvement,-0.0016872153152879266,,,
draw,A_primary,ordinal_12,U1_minus_U0,7.0,top_decile_precision_improvement,0.01701720463490508,,,
draw,A_diagnostic,ordinal_12,R1_minus_R0,7.0,log_loss_improvement,0.001603601619758671,,,
draw,A_diagnostic,ordinal_12,R1_minus_R0,7.0,brier_improvement,0.0003723518650741303,,,
draw,A_primary,low_transition,U1_minus_U0,7.0,log_loss_improvement,0.008542855424178097,,,
draw,A_primary,low_transition,U1_minus_U0,7.0,brier_improvement,0.003008718870523036,,,
draw,A_primary,low_transition,U1_minus_U0,7.0,auc_improvement,0.0164613297030608,,,
draw,A_primary,low_transition,U1_minus_U0,7.0,top_decile_precision_improvement,0.042385860887401594,,,
draw,A_diagnostic,low_transition,R1_minus_R0,7.0,log_loss_improvement,0.00047468837208483605,,,
draw,A_diagnostic,low_transition,R1_minus_R0,7.0,brier_improvement,5.998885123509323e-07,,,
draw,B,pooled,F1_minus_F0,7.0,multiclass_log_loss_improvement,0.0029485004249681923,,,
draw,B,pooled,F1_minus_F0,7.0,multiclass_brier_improvement,-0.00026089561722442145,,,
draw,B,pooled,F1_minus_F0,7.0,top_two_accuracy_improvement,-0.0012361533654275947,,,
draw,A_primary,pooled,U1_minus_U0,8.0,log_loss_improvement,0.005469625677018142,,,
draw,A_primary,pooled,U1_minus_U0,8.0,brier_improvement,0.002001827601735867,,,
draw,A_primary,pooled,U1_minus_U0,8.0,auc_improvement,0.01060861103630606,,,
draw,A_primary,pooled,U1_minus_U0,8.0,top_decile_precision_improvement,0.007655862130663493,,,
draw,A_diagnostic,pooled,R1_minus_R0,8.0,log_loss_improvement,0.0002563010106053365,,,
draw,A_diagnostic,pooled,R1_minus_R0,8.0,brier_improvement,-2.9686384444699287e-05,,,
draw,A_primary,ordinal_6,U1_minus_U0,8.0,log_loss_improvement,0.008031418973519888,,,
draw,A_primary,ordinal_6,U1_minus_U0,8.0,brier_improvement,0.002834188237431118,,,
draw,A_primary,ordinal_6,U1_minus_U0,8.0,auc_improvement,0.01876185527969154,,,
draw,A_primary,ordinal_6,U1_minus_U0,8.0,top_decile_precision_improvement,0.03161698283649511,,,
draw,A_diagnostic,ordinal_6,R1_minus_R0,8.0,log_loss_improvement,-0.0010984664402510502,,,
draw,A_diagnostic,ordinal_6,R1_minus_R0,8.0,brier_improvement,-0.00035600191979703183,,,
draw,A_primary,ordinal_12,U1_minus_U0,8.0,log_loss_improvement,0.0029078323805162842,,,
draw,A_primary,ordinal_12,U1_minus_U0,8.0,brier_improvement,0.0011694669660406165,,,
draw,A_primary,ordinal_12,U1_minus_U0,8.0,auc_improvement,0.00516018060583423,,,
draw,A_primary,ordinal_12,U1_minus_U0,8.0,top_decile_precision_improvement,0.0033863151658550805,,,
draw,A_diagnostic,ordinal_12,R1_minus_R0,8.0,log_loss_improvement,0.001719265964540806,,,
draw,A_diagnostic,ordinal_12,R1_minus_R0,8.0,brier_improvement,0.00032269010042242086,,,
draw,A_primary,low_transition,U1_minus_U0,8.0,log_loss_improvement,0.007899432956671615,,,
draw,A_primary,low_transition,U1_minus_U0,8.0,brier_improvement,0.0029036668245578656,,,
draw,A_primary,low_transition,U1_minus_U0,8.0,auc_improvement,0.018066874699510627,,,
draw,A_primary,low_transition,U1_minus_U0,8.0,top_decile_precision_improvement,-0.006392045454545525,,,
draw,A_diagnostic,low_transition,R1_minus_R0,8.0,log_loss_improvement,0.0009511559016249227,,,
draw,A_diagnostic,low_transition,R1_minus_R0,8.0,brier_improvement,0.00014683632505924082,,,
draw,B,pooled,F1_minus_F0,8.0,multiclass_log_loss_improvement,0.0036137281696063672,,,
draw,B,pooled,F1_minus_F0,8.0,multiclass_brier_improvement,0.0001514482010572249,,,
draw,B,pooled,F1_minus_F0,8.0,top_two_accuracy_improvement,-0.003050524308865432,,,
draw,A_primary,pooled,U1_minus_U0,9.0,log_loss_improvement,0.0041110785637406,,,
draw,A_primary,pooled,U1_minus_U0,9.0,brier_improvement,0.001509270280035141,,,
draw,A_primary,pooled,U1_minus_U0,9.0,auc_improvement,0.00781300342633362,,,
draw,A_primary,pooled,U1_minus_U0,9.0,top_decile_precision_improvement,0.021404481848520618,,,
draw,A_diagnostic,pooled,R1_minus_R0,9.0,log_loss_improvement,0.0003613623417086098,,,
draw,A_diagnostic,pooled,R1_minus_R0,9.0,brier_improvement,5.225974231522906e-05,,,
draw,A_primary,ordinal_6,U1_minus_U0,9.0,log_loss_improvement,0.006378763867874171,,,
draw,A_primary,ordinal_6,U1_minus_U0,9.0,brier_improvement,0.002406034640943605,,,
draw,A_primary,ordinal_6,U1_minus_U0,9.0,auc_improvement,0.012079963812820727,,,
draw,A_primary,ordinal_6,U1_minus_U0,9.0,top_decile_precision_improvement,0.07553366174055809,,,
draw,A_diagnostic,ordinal_6,R1_minus_R0,9.0,log_loss_improvement,-0.000684385387305142,,,
draw,A_diagnostic,ordinal_6,R1_minus_R0,9.0,brier_improvement,-0.0001292142766065249,,,
draw,A_primary,ordinal_12,U1_minus_U0,9.0,log_loss_improvement,0.001843393259606696,,,
draw,A_primary,ordinal_12,U1_minus_U0,9.0,brier_improvement,0.0006125059191267046,,,
draw,A_primary,ordinal_12,U1_minus_U0,9.0,auc_improvement,0.0038482192686923877,,,
draw,A_primary,ordinal_12,U1_minus_U0,9.0,top_decile_precision_improvement,0.010391774945903043,,,
draw,A_diagnostic,ordinal_12,R1_minus_R0,9.0,log_loss_improvement,0.001497711312676342,,,
draw,A_diagnostic,ordinal_12,R1_minus_R0,9.0,brier_improvement,0.00024945626394057285,,,
draw,A_primary,low_transition,U1_minus_U0,9.0,log_loss_improvement,0.0065362683580283965,,,
draw,A_primary,low_transition,U1_minus_U0,9.0,brier_improvement,0.002333489288422086,,,
draw,A_primary,low_transition,U1_minus_U0,9.0,auc_improvement,0.014353944917377182,,,
draw,A_primary,low_transition,U1_minus_U0,9.0,top_decile_precision_improvement,-0.01813088541029717,,,
draw,A_diagnostic,low_transition,R1_minus_R0,9.0,log_loss_improvement,0.0006944943567424589,,,
draw,A_diagnostic,low_transition,R1_minus_R0,9.0,brier_improvement,7.033884069290036e-05,,,
draw,B,pooled,F1_minus_F0,9.0,multiclass_log_loss_improvement,-0.001475362940448366,,,
draw,B,pooled,F1_minus_F0,9.0,multiclass_brier_improvement,-0.0037763088662425837,,,
draw,B,pooled,F1_minus_F0,9.0,top_two_accuracy_improvement,0.0005467996140240405,,,
draw,A_primary,pooled,U1_minus_U0,10.0,log_loss_improvement,0.004593065298736376,,,
draw,A_primary,pooled,U1_minus_U0,10.0,brier_improvement,0.0016614646724077975,,,
draw,A_primary,pooled,U1_minus_U0,10.0,auc_improvement,0.009944977421312395,,,
draw,A_primary,pooled,U1_minus_U0,10.0,top_decile_precision_improvement,0.009601255426796795,,,
draw,A_diagnostic,pooled,R1_minus_R0,10.0,log_loss_improvement,0.00019569228583746212,,,
draw,A_diagnostic,pooled,R1_minus_R0,10.0,brier_improvement,-0.00015704035026357227,,,
draw,A_primary,ordinal_6,U1_minus_U0,10.0,log_loss_improvement,0.006918878186915278,,,
draw,A_primary,ordinal_6,U1_minus_U0,10.0,brier_improvement,0.002620588211303121,,,
draw,A_primary,ordinal_6,U1_minus_U0,10.0,auc_improvement,0.016349806435841496,,,
draw,A_primary,ordinal_6,U1_minus_U0,10.0,top_decile_precision_improvement,-0.010398098633392694,,,
draw,A_diagnostic,ordinal_6,R1_minus_R0,10.0,log_loss_improvement,-0.00036779608360895666,,,
draw,A_diagnostic,ordinal_6,R1_minus_R0,10.0,brier_improvement,-0.00024031683585319652,,,
draw,A_primary,ordinal_12,U1_minus_U0,10.0,log_loss_improvement,0.0022672524105576963,,,
draw,A_primary,ordinal_12,U1_minus_U0,10.0,brier_improvement,0.0007023411335124741,,,
draw,A_primary,ordinal_12,U1_minus_U0,10.0,auc_improvement,0.005161390442730895,,,
draw,A_primary,ordinal_12,U1_minus_U0,10.0,top_decile_precision_improvement,0.015009537315304189,,,
draw,A_diagnostic,ordinal_12,R1_minus_R0,10.0,log_loss_improvement,0.0008026530359118156,,,
draw,A_diagnostic,ordinal_12,R1_minus_R0,10.0,brier_improvement,-6.733919421897383e-05,,,
draw,A_primary,low_transition,U1_minus_U0,10.0,log_loss_improvement,0.008212788689595851,,,
draw,A_primary,low_transition,U1_minus_U0,10.0,brier_improvement,0.0030588261870687916,,,
draw,A_primary,low_transition,U1_minus_U0,10.0,auc_improvement,0.019878935097322525,,,
draw,A_primary,low_transition,U1_minus_U0,10.0,top_decile_precision_improvement,0.0003654461923987551,,,
draw,A_diagnostic,low_transition,R1_minus_R0,10.0,log_loss_improvement,0.0012334507093747504,,,
draw,A_diagnostic,low_transition,R1_minus_R0,10.0,brier_improvement,0.00019590183027664437,,,
draw,B,pooled,F1_minus_F0,10.0,multiclass_log_loss_improvement,0.0012823585763955814,,,
draw,B,pooled,F1_minus_F0,10.0,multiclass_brier_improvement,-0.002413477832912514,,,
draw,B,pooled,F1_minus_F0,10.0,top_two_accuracy_improvement,0.001695368965825006,,,
draw,A_primary,pooled,U1_minus_U0,11.0,log_loss_improvement,0.002590294947110827,,,
draw,A_primary,pooled,U1_minus_U0,11.0,brier_improvement,0.000848841726678623,,,
draw,A_primary,pooled,U1_minus_U0,11.0,auc_improvement,0.006972558297355547,,,
draw,A_primary,pooled,U1_minus_U0,11.0,top_decile_precision_improvement,0.001329110130358746,,,
draw,A_diagnostic,pooled,R1_minus_R0,11.0,log_loss_improvement,0.0007080083122888436,,,
draw,A_diagnostic,pooled,R1_minus_R0,11.0,brier_improvement,0.00010587304471033204,,,
draw,A_primary,ordinal_6,U1_minus_U0,11.0,log_loss_improvement,0.004028846339521552,,,
draw,A_primary,ordinal_6,U1_minus_U0,11.0,brier_improvement,0.0015558390284443058,,,
draw,A_primary,ordinal_6,U1_minus_U0,11.0,auc_improvement,0.009426527979415122,,,
draw,A_primary,ordinal_6,U1_minus_U0,11.0,top_decile_precision_improvement,0.036527514231499136,,,
draw,A_diagnostic,ordinal_6,R1_minus_R0,11.0,log_loss_improvement,-0.0007220392812967436,,,
draw,A_diagnostic,ordinal_6,R1_minus_R0,11.0,brier_improvement,-0.0002902325777927664,,,
draw,A_primary,ordinal_12,U1_minus_U0,11.0,log_loss_improvement,0.0011517435547003796,,,
draw,A_primary,ordinal_12,U1_minus_U0,11.0,brier_improvement,0.000141844424912968,,,
draw,A_primary,ordinal_12,U1_minus_U0,11.0,auc_improvement,0.004115343338425337,,,
draw,A_primary,ordinal_12,U1_minus_U0,11.0,top_decile_precision_improvement,-0.003757182577924678,,,
draw,A_diagnostic,ordinal_12,R1_minus_R0,11.0,log_loss_improvement,0.0023084794144438425,,,
draw,A_diagnostic,ordinal_12,R1_minus_R0,11.0,brier_improvement,0.0005491838862941717,,,
draw,A_primary,low_transition,U1_minus_U0,11.0,log_loss_improvement,0.0035132184090601593,,,
draw,A_primary,low_transition,U1_minus_U0,11.0,brier_improvement,0.0013328260447582618,,,
draw,A_primary,low_transition,U1_minus_U0,11.0,auc_improvement,0.007012947359974597,,,
draw,A_primary,low_transition,U1_minus_U0,11.0,top_decile_precision_improvement,0.004133310334183515,,,
draw,A_diagnostic,low_transition,R1_minus_R0,11.0,log_loss_improvement,0.0009094555177164565,,,
draw,A_diagnostic,low_transition,R1_minus_R0,11.0,brier_improvement,0.0001594274115888361,,,
draw,B,pooled,F1_minus_F0,11.0,multiclass_log_loss_improvement,0.009453092311984546,,,
draw,B,pooled,F1_minus_F0,11.0,multiclass_brier_improvement,0.0043587374887902874,,,
draw,B,pooled,F1_minus_F0,11.0,top_two_accuracy_improvement,-0.0018545756858733276,,,
draw,A_primary,pooled,U1_minus_U0,12.0,log_loss_improvement,0.0015378042635810774,,,
draw,A_primary,pooled,U1_minus_U0,12.0,brier_improvement,0.0004055220513405622,,,
draw,A_primary,pooled,U1_minus_U0,12.0,auc_improvement,0.0037750223249854997,,,
draw,A_primary,pooled,U1_minus_U0,12.0,top_decile_precision_improvement,0.005912931211471406,,,
draw,A_diagnostic,pooled,R1_minus_R0,12.0,log_loss_improvement,0.0005326500947601953,,,
draw,A_diagnostic,pooled,R1_minus_R0,12.0,brier_improvement,2.891867830185496e-05,,,
draw,A_primary,ordinal_6,U1_minus_U0,12.0,log_loss_improvement,0.0033991137183163045,,,
draw,A_primary,ordinal_6,U1_minus_U0,12.0,brier_improvement,0.0011833083139695666,,,
draw,A_primary,ordinal_6,U1_minus_U0,12.0,auc_improvement,0.008861253488461451,,,
draw,A_primary,ordinal_6,U1_minus_U0,12.0,top_decile_precision_improvement,0.0054104875874279035,,,
draw,A_diagnostic,ordinal_6,R1_minus_R0,12.0,log_loss_improvement,-0.0008624272664180532,,,
draw,A_diagnostic,ordinal_6,R1_minus_R0,12.0,brier_improvement,-0.0003801361236823314,,,
draw,A_primary,ordinal_12,U1_minus_U0,12.0,log_loss_improvement,-0.00032350519115398324,,,
draw,A_primary,ordinal_12,U1_minus_U0,12.0,brier_improvement,-0.00037226421128847,,,
draw,A_primary,ordinal_12,U1_minus_U0,12.0,auc_improvement,-0.00028335003408919146,,,
draw,A_primary,ordinal_12,U1_minus_U0,12.0,top_decile_precision_improvement,0.00631772976984446,,,
draw,A_diagnostic,ordinal_12,R1_minus_R0,12.0,log_loss_improvement,0.0020638445172024567,,,
draw,A_diagnostic,ordinal_12,R1_minus_R0,12.0,brier_improvement,0.0004778847705782102,,,
draw,A_primary,low_transition,U1_minus_U0,12.0,log_loss_improvement,0.005065814596006413,,,
draw,A_primary,low_transition,U1_minus_U0,12.0,brier_improvement,0.00168886218513567,,,
draw,A_primary,low_transition,U1_minus_U0,12.0,auc_improvement,0.01328282831626848,,,
draw,A_primary,low_transition,U1_minus_U0,12.0,top_decile_precision_improvement,-0.053625662575808086,,,
draw,A_diagnostic,low_transition,R1_minus_R0,12.0,log_loss_improvement,0.0009024255425984229,,,
draw,A_diagnostic,low_transition,R1_minus_R0,12.0,brier_improvement,3.4268890793873186e-05,,,
draw,B,pooled,F1_minus_F0,12.0,multiclass_log_loss_improvement,0.006989667848686265,,,
draw,B,pooled,F1_minus_F0,12.0,multiclass_brier_improvement,0.0007243909841982976,,,
draw,B,pooled,F1_minus_F0,12.0,top_two_accuracy_improvement,-0.0006756877536062689,,,
draw,A_primary,pooled,U1_minus_U0,13.0,log_loss_improvement,0.005045815980154966,,,
draw,A_primary,pooled,U1_minus_U0,13.0,brier_improvement,0.0019538615194316655,,,
draw,A_primary,pooled,U1_minus_U0,13.0,auc_improvement,0.01055959593078104,,,
draw,A_primary,pooled,U1_minus_U0,13.0,top_decile_precision_improvement,0.015189069368522712,,,
draw,A_diagnostic,pooled,R1_minus_R0,13.0,log_loss_improvement,-5.1851272313607755e-05,,,
draw,A_diagnostic,pooled,R1_minus_R0,13.0,brier_improvement,-5.957198204923492e-05,,,
draw,A_primary,ordinal_6,U1_minus_U0,13.0,log_loss_improvement,0.008042685324778587,,,
draw,A_primary,ordinal_6,U1_minus_U0,13.0,brier_improvement,0.003112731927001594,,,
draw,A_primary,ordinal_6,U1_minus_U0,13.0,auc_improvement,0.019696287470967966,,,
draw,A_primary,ordinal_6,U1_minus_U0,13.0,top_decile_precision_improvement,0.05124540628828089,,,
draw,A_diagnostic,ordinal_6,R1_minus_R0,13.0,log_loss_improvement,-0.0014965255015668144,,,
draw,A_diagnostic,ordinal_6,R1_minus_R0,13.0,brier_improvement,-0.00030136196904552437,,,
draw,A_primary,ordinal_12,U1_minus_U0,13.0,log_loss_improvement,0.0020489466355313457,,,
draw,A_primary,ordinal_12,U1_minus_U0,13.0,brier_improvement,0.0007949911118617925,,,
draw,A_primary,ordinal_12,U1_minus_U0,13.0,auc_improvement,0.0031482299572508365,,,
draw,A_primary,ordinal_12,U1_minus_U0,13.0,top_decile_precision_improvement,0.01129242482901005,,,
draw,A_diagnostic,ordinal_12,R1_minus_R0,13.0,log_loss_improvement,0.0014520000322796878,,,
draw,A_diagnostic,ordinal_12,R1_minus_R0,13.0,brier_improvement,0.00019212226155194967,,,
draw,A_primary,low_transition,U1_minus_U0,13.0,log_loss_improvement,0.00918450166243956,,,
draw,A_primary,low_transition,U1_minus_U0,13.0,brier_improvement,0.0036398597957501555,,,
draw,A_primary,low_transition,U1_minus_U0,13.0,auc_improvement,0.02181692743306085,,,
draw,A_primary,low_transition,U1_minus_U0,13.0,top_decile_precision_improvement,-0.02617446120428235,,,
draw,A_diagnostic,low_transition,R1_minus_R0,13.0,log_loss_improvement,0.0004973168828721064,,,
draw,A_diagnostic,low_transition,R1_minus_R0,13.0,brier_improvement,8.732805459225196e-05,,,
draw,B,pooled,F1_minus_F0,13.0,multiclass_log_loss_improvement,0.004682436292929082,,,
draw,B,pooled,F1_minus_F0,13.0,multiclass_brier_improvement,-0.0014996502743507834,,,
draw,B,pooled,F1_minus_F0,13.0,top_two_accuracy_improvement,0.002399217097578954,,,
draw,A_primary,pooled,U1_minus_U0,14.0,log_loss_improvement,0.003938625527822759,,,
draw,A_primary,pooled,U1_minus_U0,14.0,brier_improvement,0.0012276673966895024,,,
draw,A_primary,pooled,U1_minus_U0,14.0,auc_improvement,0.008135055953362613,,,
draw,A_primary,pooled,U1_minus_U0,14.0,top_decile_precision_improvement,0.016106101988912602,,,
draw,A_diagnostic,pooled,R1_minus_R0,14.0,log_loss_improvement,0.0008992279150012439,,,
draw,A_diagnostic,pooled,R1_minus_R0,14.0,brier_improvement,0.00023124782094866014,,,
draw,A_primary,ordinal_6,U1_minus_U0,14.0,log_loss_improvement,0.008565035522568376,,,
draw,A_primary,ordinal_6,U1_minus_U0,14.0,brier_improvement,0.0030275699217373053,,,
draw,A_primary,ordinal_6,U1_minus_U0,14.0,auc_improvement,0.01792386168474358,,,
draw,A_primary,ordinal_6,U1_minus_U0,14.0,top_decile_precision_improvement,0.06218366407908227,,,
draw,A_diagnostic,ordinal_6,R1_minus_R0,14.0,log_loss_improvement,0.00043358398804396736,,,
draw,A_diagnostic,ordinal_6,R1_minus_R0,14.0,brier_improvement,-2.5213351601521827e-05,,,
draw,A_primary,ordinal_12,U1_minus_U0,14.0,log_loss_improvement,-0.0006877844669230804,,,
draw,A_primary,ordinal_12,U1_minus_U0,14.0,brier_improvement,-0.0005722351283583282,,,
draw,A_primary,ordinal_12,U1_minus_U0,14.0,auc_improvement,-3.7736090646722786e-05,,,
draw,A_primary,ordinal_12,U1_minus_U0,14.0,top_decile_precision_improvement,0.00902299627642189,,,
draw,A_diagnostic,ordinal_12,R1_minus_R0,14.0,log_loss_improvement,0.0013981245680476095,,,
draw,A_diagnostic,ordinal_12,R1_minus_R0,14.0,brier_improvement,0.0005060234879646214,,,
draw,A_primary,low_transition,U1_minus_U0,14.0,log_loss_improvement,0.008735169956169797,,,
draw,A_primary,low_transition,U1_minus_U0,14.0,brier_improvement,0.0031484993747105394,,,
draw,A_primary,low_transition,U1_minus_U0,14.0,auc_improvement,0.01718263085754468,,,
draw,A_primary,low_transition,U1_minus_U0,14.0,top_decile_precision_improvement,0.049752561915756,,,
draw,A_diagnostic,low_transition,R1_minus_R0,14.0,log_loss_improvement,0.00039690797551261703,,,
draw,A_diagnostic,low_transition,R1_minus_R0,14.0,brier_improvement,3.8376258890936155e-05,,,
draw,B,pooled,F1_minus_F0,14.0,multiclass_log_loss_improvement,-0.00010582937309955298,,,
draw,B,pooled,F1_minus_F0,14.0,multiclass_brier_improvement,-0.0013789704489790555,,,
draw,B,pooled,F1_minus_F0,14.0,top_two_accuracy_improvement,0.0011450189999496763,,,
draw,A_primary,pooled,U1_minus_U0,15.0,log_loss_improvement,0.006231062063461135,,,
draw,A_primary,pooled,U1_minus_U0,15.0,brier_improvement,0.0021895378158535705,,,
draw,A_primary,pooled,U1_minus_U0,15.0,auc_improvement,0.013160677407310861,,,
draw,A_primary,pooled,U1_minus_U0,15.0,top_decile_precision_improvement,-0.0004302228381461992,,,
draw,A_diagnostic,pooled,R1_minus_R0,15.0,log_loss_improvement,0.0010521189254960872,,,
draw,A_diagnostic,pooled,R1_minus_R0,15.0,brier_improvement,0.0001606938229334609,,,
draw,A_primary,ordinal_6,U1_minus_U0,15.0,log_loss_improvement,0.00788163165293837,,,
draw,A_primary,ordinal_6,U1_minus_U0,15.0,brier_improvement,0.002805045603024664,,,
draw,A_primary,ordinal_6,U1_minus_U0,15.0,auc_improvement,0.019948421143830553,,,
draw,A_primary,ordinal_6,U1_minus_U0,15.0,top_decile_precision_improvement,0.016544117647058654,,,
draw,A_diagnostic,ordinal_6,R1_minus_R0,15.0,log_loss_improvement,0.0014417908491364817,,,
draw,A_diagnostic,ordinal_6,R1_minus_R0,15.0,brier_improvement,0.0003472058628387342,,,
draw,A_primary,ordinal_12,U1_minus_U0,15.0,log_loss_improvement,0.004580492473983844,,,
draw,A_primary,ordinal_12,U1_minus_U0,15.0,brier_improvement,0.0015740300286824216,,,
draw,A_primary,ordinal_12,U1_minus_U0,15.0,auc_improvement,0.008901792808183928,,,
draw,A_primary,ordinal_12,U1_minus_U0,15.0,top_decile_precision_improvement,-0.004279388498470538,,,
draw,A_diagnostic,ordinal_12,R1_minus_R0,15.0,log_loss_improvement,0.0006335804815912893,,,
draw,A_diagnostic,ordinal_12,R1_minus_R0,15.0,brier_improvement,-3.96348489969528e-05,,,
draw,A_primary,low_transition,U1_minus_U0,15.0,log_loss_improvement,0.009782883119857477,,,
draw,A_primary,low_transition,U1_minus_U0,15.0,brier_improvement,0.0035555909319581747,,,
draw,A_primary,low_transition,U1_minus_U0,15.0,auc_improvement,0.020349654430983466,,,
draw,A_primary,low_transition,U1_minus_U0,15.0,top_decile_precision_improvement,-0.001468052459271063,,,
draw,A_diagnostic,low_transition,R1_minus_R0,15.0,log_loss_improvement,0.001719157679483635,,,
draw,A_diagnostic,low_transition,R1_minus_R0,15.0,brier_improvement,0.0002793855009095639,,,
draw,B,pooled,F1_minus_F0,15.0,multiclass_log_loss_improvement,0.004222605949152691,,,
draw,B,pooled,F1_minus_F0,15.0,multiclass_brier_improvement,-0.00030284022400955957,,,
draw,B,pooled,F1_minus_F0,15.0,top_two_accuracy_improvement,-0.00120317892537114,,,
draw,A_primary,pooled,U1_minus_U0,16.0,log_loss_improvement,0.0029077812205774434,,,
draw,A_primary,pooled,U1_minus_U0,16.0,brier_improvement,0.0010731286032015508,,,
draw,A_primary,pooled,U1_minus_U0,16.0,auc_improvement,0.008154771921361714,,,
draw,A_primary,pooled,U1_minus_U0,16.0,top_decile_precision_improvement,-0.007901972854316375,,,
draw,A_diagnostic,pooled,R1_minus_R0,16.0,log_loss_improvement,-9.260325501428412e-05,,,
draw,A_diagnostic,pooled,R1_minus_R0,16.0,brier_improvement,-8.493895911182436e-05,,,
draw,A_primary,ordinal_6,U1_minus_U0,16.0,log_loss_improvement,0.007327149710436354,,,
draw,A_primary,ordinal_6,U1_minus_U0,16.0,brier_improvement,0.0028673757112824827,,,
draw,A_primary,ordinal_6,U1_minus_U0,16.0,auc_improvement,0.016531123289653227,,,
draw,A_primary,ordinal_6,U1_minus_U0,16.0,top_decile_precision_improvement,0.03161094224923994,,,
draw,A_diagnostic,ordinal_6,R1_minus_R0,16.0,log_loss_improvement,-0.0005287684042221685,,,
draw,A_diagnostic,ordinal_6,R1_minus_R0,16.0,brier_improvement,-0.00019137608257336486,,,
draw,A_primary,ordinal_12,U1_minus_U0,16.0,log_loss_improvement,-0.001511587269281467,,,
draw,A_primary,ordinal_12,U1_minus_U0,16.0,brier_improvement,-0.0007211185048794921,,,
draw,A_primary,ordinal_12,U1_minus_U0,16.0,auc_improvement,0.0012586837392506434,,,
draw,A_primary,ordinal_12,U1_minus_U0,16.0,top_decile_precision_improvement,-0.014934691951097534,,,
draw,A_diagnostic,ordinal_12,R1_minus_R0,16.0,log_loss_improvement,0.0003711096318818885,,,
draw,A_diagnostic,ordinal_12,R1_minus_R0,16.0,brier_improvement,2.8220622489139036e-05,,,
draw,A_primary,low_transition,U1_minus_U0,16.0,log_loss_improvement,0.006725062746073762,,,
draw,A_primary,low_transition,U1_minus_U0,16.0,brier_improvement,0.0026089645900125857,,,
draw,A_primary,low_transition,U1_minus_U0,16.0,auc_improvement,0.016771831299571383,,,
draw,A_primary,low_transition,U1_minus_U0,16.0,top_decile_precision_improvement,-0.01888224839439312,,,
draw,A_diagnostic,low_transition,R1_minus_R0,16.0,log_loss_improvement,0.0002549173680960193,,,
draw,A_diagnostic,low_transition,R1_minus_R0,16.0,brier_improvement,5.8389817703854985e-05,,,
draw,B,pooled,F1_minus_F0,16.0,multiclass_log_loss_improvement,0.00664898050437579,,,
draw,B,pooled,F1_minus_F0,16.0,multiclass_brier_improvement,0.0002667251397244774,,,
draw,B,pooled,F1_minus_F0,16.0,top_two_accuracy_improvement,0.000515015933305607,,,
draw,A_primary,pooled,U1_minus_U0,17.0,log_loss_improvement,0.0043438275438456575,,,
draw,A_primary,pooled,U1_minus_U0,17.0,brier_improvement,0.001569251906713337,,,
draw,A_primary,pooled,U1_minus_U0,17.0,auc_improvement,0.009371383289146995,,,
draw,A_primary,pooled,U1_minus_U0,17.0,top_decile_precision_improvement,0.006982113622295838,,,
draw,A_diagnostic,pooled,R1_minus_R0,17.0,log_loss_improvement,0.0009680499565122846,,,
draw,A_diagnostic,pooled,R1_minus_R0,17.0,brier_improvement,0.00010583740026451349,,,
draw,A_primary,ordinal_6,U1_minus_U0,17.0,log_loss_improvement,0.0073596552108917135,,,
draw,A_primary,ordinal_6,U1_minus_U0,17.0,brier_improvement,0.0027216694289373677,,,
draw,A_primary,ordinal_6,U1_minus_U0,17.0,auc_improvement,0.01761893568153705,,,
draw,A_primary,ordinal_6,U1_minus_U0,17.0,top_decile_precision_improvement,0.05271317829457345,,,
draw,A_diagnostic,ordinal_6,R1_minus_R0,17.0,log_loss_improvement,0.00021865322957903555,,,
draw,A_diagnostic,ordinal_6,R1_minus_R0,17.0,brier_improvement,-0.0001249239817379122,,,
draw,A_primary,ordinal_12,U1_minus_U0,17.0,log_loss_improvement,0.00132799987679999,,,
draw,A_primary,ordinal_12,U1_minus_U0,17.0,brier_improvement,0.00041683438448927856,,,
draw,A_primary,ordinal_12,U1_minus_U0,17.0,auc_improvement,0.003354283215329268,,,
draw,A_primary,ordinal_12,U1_minus_U0,17.0,top_decile_precision_improvement,-0.0012807463915736061,,,
draw,A_diagnostic,ordinal_12,R1_minus_R0,17.0,log_loss_improvement,0.0017760568465443605,,,
draw,A_diagnostic,ordinal_12,R1_minus_R0,17.0,brier_improvement,0.00035464658225055345,,,
draw,A_primary,low_transition,U1_minus_U0,17.0,log_loss_improvement,0.00776373816893372,,,
draw,A_primary,low_transition,U1_minus_U0,17.0,brier_improvement,0.00294149622963083,,,
draw,A_primary,low_transition,U1_minus_U0,17.0,auc_improvement,0.016986548787781386,,,
draw,A_primary,low_transition,U1_minus_U0,17.0,top_decile_precision_improvement,0.01588163342851312,,,
draw,A_diagnostic,low_transition,R1_minus_R0,17.0,log_loss_improvement,0.0011519994887182194,,,
draw,A_diagnostic,low_transition,R1_minus_R0,17.0,brier_improvement,0.00013115327827130374,,,
draw,B,pooled,F1_minus_F0,17.0,multiclass_log_loss_improvement,0.001576966115286349,,,
draw,B,pooled,F1_minus_F0,17.0,multiclass_brier_improvement,-0.001651054958760334,,,
draw,B,pooled,F1_minus_F0,17.0,top_two_accuracy_improvement,-0.004453767952234844,,,
draw,A_primary,pooled,U1_minus_U0,18.0,log_loss_improvement,0.0030799247961297294,,,
draw,A_primary,pooled,U1_minus_U0,18.0,brier_improvement,0.0009161677036284288,,,
draw,A_primary,pooled,U1_minus_U0,18.0,auc_improvement,0.007071034186675984,,,
draw,A_primary,pooled,U1_minus_U0,18.0,top_decile_precision_improvement,-0.007781584969240862,,,
draw,A_diagnostic,pooled,R1_minus_R0,18.0,log_loss_improvement,0.000854560892964068,,,
draw,A_diagnostic,pooled,R1_minus_R0,18.0,brier_improvement,0.0002015938460015465,,,
draw,A_primary,ordinal_6,U1_minus_U0,18.0,log_loss_improvement,0.0038382811485116464,,,
draw,A_primary,ordinal_6,U1_minus_U0,18.0,brier_improvement,0.001267817789118053,,,
draw,A_primary,ordinal_6,U1_minus_U0,18.0,auc_improvement,0.009381147233585962,,,
draw,A_primary,ordinal_6,U1_minus_U0,18.0,top_decile_precision_improvement,0.03051328155411792,,,
draw,A_diagnostic,ordinal_6,R1_minus_R0,18.0,log_loss_improvement,1.3236853079301447e-05,,,
draw,A_diagnostic,ordinal_6,R1_minus_R0,18.0,brier_improvement,-2.386523563480819e-05,,,
draw,A_primary,ordinal_12,U1_minus_U0,18.0,log_loss_improvement,0.002321568443748201,,,
draw,A_primary,ordinal_12,U1_minus_U0,18.0,brier_improvement,0.0005645176181388045,,,
draw,A_primary,ordinal_12,U1_minus_U0,18.0,auc_improvement,0.005290381988433346,,,
draw,A_primary,ordinal_12,U1_minus_U0,18.0,top_decile_precision_improvement,-0.015618052918542458,,,
draw,A_diagnostic,ordinal_12,R1_minus_R0,18.0,log_loss_improvement,0.0017516634422459765,,,
draw,A_diagnostic,ordinal_12,R1_minus_R0,18.0,brier_improvement,0.0004420005232224494,,,
draw,A_primary,low_transition,U1_minus_U0,18.0,log_loss_improvement,0.0056636563886850455,,,
draw,A_primary,low_transition,U1_minus_U0,18.0,brier_improvement,0.0019961222737285567,,,
draw,A_primary,low_transition,U1_minus_U0,18.0,auc_improvement,0.013225487790092694,,,
draw,A_primary,low_transition,U1_minus_U0,18.0,top_decile_precision_improvement,-0.05407612849686638,,,
draw,A_diagnostic,low_transition,R1_minus_R0,18.0,log_loss_improvement,0.0015537513016502247,,,
draw,A_diagnostic,low_transition,R1_minus_R0,18.0,brier_improvement,0.0003320202005477821,,,
draw,B,pooled,F1_minus_F0,18.0,multiclass_log_loss_improvement,0.0004389134304085829,,,
draw,B,pooled,F1_minus_F0,18.0,multiclass_brier_improvement,-0.003168798482347246,,,
draw,B,pooled,F1_minus_F0,18.0,top_two_accuracy_improvement,0.0037502193110707793,,,
draw,A_primary,pooled,U1_minus_U0,19.0,log_loss_improvement,0.0034821031908904843,,,
draw,A_primary,pooled,U1_minus_U0,19.0,brier_improvement,0.0010594195332689627,,,
draw,A_primary,pooled,U1_minus_U0,19.0,auc_improvement,0.007736730644097967,,,
draw,A_primary,pooled,U1_minus_U0,19.0,top_decile_precision_improvement,-0.0057878492966824124,,,
draw,A_diagnostic,pooled,R1_minus_R0,19.0,log_loss_improvement,0.0008517641973430357,,,
draw,A_diagnostic,pooled,R1_minus_R0,19.0,brier_improvement,0.00012426078887629172,,,
draw,A_primary,ordinal_6,U1_minus_U0,19.0,log_loss_improvement,0.00622277773307317,,,
draw,A_primary,ordinal_6,U1_minus_U0,19.0,brier_improvement,0.002109770256635113,,,
draw,A_primary,ordinal_6,U1_minus_U0,19.0,auc_improvement,0.015123957137281208,,,
draw,A_primary,ordinal_6,U1_minus_U0,19.0,top_decile_precision_improvement,-0.016828242180354946,,,
draw,A_diagnostic,ordinal_6,R1_minus_R0,19.0,log_loss_improvement,9.20732029670579e-05,,,
draw,A_diagnostic,ordinal_6,R1_minus_R0,19.0,brier_improvement,-1.725338933665499e-05,,,
draw,A_primary,ordinal_12,U1_minus_U0,19.0,log_loss_improvement,0.0007414286487079647,,,
draw,A_primary,ordinal_12,U1_minus_U0,19.0,brier_improvement,9.068809902812447e-06,,,
draw,A_primary,ordinal_12,U1_minus_U0,19.0,auc_improvement,0.002437473070828089,,,
draw,A_primary,ordinal_12,U1_minus_U0,19.0,top_decile_precision_improvement,-0.003997863474033636,,,
draw,A_diagnostic,ordinal_12,R1_minus_R0,19.0,log_loss_improvement,0.0016846223730750953,,,
draw,A_diagnostic,ordinal_12,R1_minus_R0,19.0,brier_improvement,0.00027940444752062865,,,
draw,A_primary,low_transition,U1_minus_U0,19.0,log_loss_improvement,0.00793681371757321,,,
draw,A_primary,low_transition,U1_minus_U0,19.0,brier_improvement,0.0027399194464610144,,,
draw,A_primary,low_transition,U1_minus_U0,19.0,auc_improvement,0.01812587434634383,,,
draw,A_primary,low_transition,U1_minus_U0,19.0,top_decile_precision_improvement,-0.04674224235001323,,,
draw,A_diagnostic,low_transition,R1_minus_R0,19.0,log_loss_improvement,0.0018500381605640048,,,
draw,A_diagnostic,low_transition,R1_minus_R0,19.0,brier_improvement,0.0003509586145850549,,,
draw,B,pooled,F1_minus_F0,19.0,multiclass_log_loss_improvement,0.00015157754216021946,,,
draw,B,pooled,F1_minus_F0,19.0,multiclass_brier_improvement,-0.0023386699922847143,,,
draw,B,pooled,F1_minus_F0,19.0,top_two_accuracy_improvement,-0.0019573940560465575,,,
draw,A_primary,pooled,U1_minus_U0,20.0,log_loss_improvement,0.004436214233844771,,,
draw,A_primary,pooled,U1_minus_U0,20.0,brier_improvement,0.0015413181901598738,,,
draw,A_primary,pooled,U1_minus_U0,20.0,auc_improvement,0.009498434171888781,,,
draw,A_primary,pooled,U1_minus_U0,20.0,top_decile_precision_improvement,0.014609106016761797,,,
draw,A_diagnostic,pooled,R1_minus_R0,20.0,log_loss_improvement,-0.0009838895919118407,,,
draw,A_diagnostic,pooled,R1_minus_R0,20.0,brier_improvement,-0.00035941576762350824,,,
draw,A_primary,ordinal_6,U1_minus_U0,20.0,log_loss_improvement,0.007329047667621547,,,
draw,A_primary,ordinal_6,U1_minus_U0,20.0,brier_improvement,0.0027004386089423404,,,
draw,A_primary,ordinal_6,U1_minus_U0,20.0,auc_improvement,0.016387898698931203,,,
draw,A_primary,ordinal_6,U1_minus_U0,20.0,top_decile_precision_improvement,0.0030215556461985482,,,
draw,A_diagnostic,ordinal_6,R1_minus_R0,20.0,log_loss_improvement,-0.0011681189052492602,,,
draw,A_diagnostic,ordinal_6,R1_minus_R0,20.0,brier_improvement,-0.00034810597820937594,,,
draw,A_primary,ordinal_12,U1_minus_U0,20.0,log_loss_improvement,0.001543380800068106,,,
draw,A_primary,ordinal_12,U1_minus_U0,20.0,brier_improvement,0.00038219777137735167,,,
draw,A_primary,ordinal_12,U1_minus_U0,20.0,auc_improvement,0.004289529854940799,,,
draw,A_primary,ordinal_12,U1_minus_U0,20.0,top_decile_precision_improvement,0.016856540675950882,,,
draw,A_diagnostic,ordinal_12,R1_minus_R0,20.0,log_loss_improvement,-0.0007853669911162542,,,
draw,A_diagnostic,ordinal_12,R1_minus_R0,20.0,brier_improvement,-0.0003716030182204788,,,
draw,A_primary,low_transition,U1_minus_U0,20.0,log_loss_improvement,0.008329963758504977,,,
draw,A_primary,low_transition,U1_minus_U0,20.0,brier_improvement,0.0030469659211485867,,,
draw,A_primary,low_transition,U1_minus_U0,20.0,auc_improvement,0.018208914178541757,,,
draw,A_primary,low_transition,U1_minus_U0,20.0,top_decile_precision_improvement,-0.02513662465528793,,,
draw,A_diagnostic,low_transition,R1_minus_R0,20.0,log_loss_improvement,-0.00099671883619884,,,
draw,A_diagnostic,low_transition,R1_minus_R0,20.0,brier_improvement,-0.00038057989203021947,,,
draw,B,pooled,F1_minus_F0,20.0,multiclass_log_loss_improvement,0.0024822095438290503,,,
draw,B,pooled,F1_minus_F0,20.0,multiclass_brier_improvement,-0.001246541073570362,,,
draw,B,pooled,F1_minus_F0,20.0,top_two_accuracy_improvement,0.0011441494486672532,,,
draw,A_primary,pooled,U1_minus_U0,21.0,log_loss_improvement,0.0034199281224067124,,,
draw,A_primary,pooled,U1_minus_U0,21.0,brier_improvement,0.0011487205174904036,,,
draw,A_primary,pooled,U1_minus_U0,21.0,auc_improvement,0.009458615568770923,,,
draw,A_primary,pooled,U1_minus_U0,21.0,top_decile_precision_improvement,0.002384270205761041,,,
draw,A_diagnostic,pooled,R1_minus_R0,21.0,log_loss_improvement,0.0008184999070073862,,,
draw,A_diagnostic,pooled,R1_minus_R0,21.0,brier_improvement,0.0001137996951296738,,,
draw,A_primary,ordinal_6,U1_minus_U0,21.0,log_loss_improvement,0.0057354820908221416,,,
draw,A_primary,ordinal_6,U1_minus_U0,21.0,brier_improvement,0.002058843449534803,,,
draw,A_primary,ordinal_6,U1_minus_U0,21.0,auc_improvement,0.019638872242830896,,,
draw,A_primary,ordinal_6,U1_minus_U0,21.0,top_decile_precision_improvement,-0.02850877192982454,,,
draw,A_diagnostic,ordinal_6,R1_minus_R0,21.0,log_loss_improvement,-0.0009830090396641122,,,
draw,A_diagnostic,ordinal_6,R1_minus_R0,21.0,brier_improvement,-0.0003338453375268807,,,
draw,A_primary,ordinal_12,U1_minus_U0,21.0,log_loss_improvement,0.0011043741539914498,,,
draw,A_primary,ordinal_12,U1_minus_U0,21.0,brier_improvement,0.0002385975854460043,,,
draw,A_primary,ordinal_12,U1_minus_U0,21.0,auc_improvement,0.0025777706318735882,,,
draw,A_primary,ordinal_12,U1_minus_U0,21.0,top_decile_precision_improvement,0.008319944889394582,,,
draw,A_diagnostic,ordinal_12,R1_minus_R0,21.0,log_loss_improvement,0.0027577995593832394,,,
draw,A_diagnostic,ordinal_12,R1_minus_R0,21.0,brier_improvement,0.0005956834281095474,,,
draw,A_primary,low_transition,U1_minus_U0,21.0,log_loss_improvement,0.0035584027288976805,,,
draw,A_primary,low_transition,U1_minus_U0,21.0,brier_improvement,0.0012256516641955262,,,
draw,A_primary,low_transition,U1_minus_U0,21.0,auc_improvement,0.011682635165021549,,,
draw,A_primary,low_transition,U1_minus_U0,21.0,top_decile_precision_improvement,-0.011746831581818717,,,
draw,A_diagnostic,low_transition,R1_minus_R0,21.0,log_loss_improvement,0.0012184643401636774,,,
draw,A_diagnostic,low_transition,R1_minus_R0,21.0,brier_improvement,0.00016396964838183425,,,
draw,B,pooled,F1_minus_F0,21.0,multiclass_log_loss_improvement,0.003109365908846029,,,
draw,B,pooled,F1_minus_F0,21.0,multiclass_brier_improvement,-0.00026265332656644214,,,
draw,B,pooled,F1_minus_F0,21.0,top_two_accuracy_improvement,0.002097979314659937,,,
draw,A_primary,pooled,U1_minus_U0,22.0,log_loss_improvement,0.004043284869055919,,,
draw,A_primary,pooled,U1_minus_U0,22.0,brier_improvement,0.0013353035993601547,,,
draw,A_primary,pooled,U1_minus_U0,22.0,auc_improvement,0.00890149583006683,,,
draw,A_primary,pooled,U1_minus_U0,22.0,top_decile_precision_improvement,0.020743560535190886,,,
draw,A_diagnostic,pooled,R1_minus_R0,22.0,log_loss_improvement,-0.000500756629760235,,,
draw,A_diagnostic,pooled,R1_minus_R0,22.0,brier_improvement,-0.00029596844172245784,,,
draw,A_primary,ordinal_6,U1_minus_U0,22.0,log_loss_improvement,0.00478804744375616,,,
draw,A_primary,ordinal_6,U1_minus_U0,22.0,brier_improvement,0.001672981003637608,,,
draw,A_primary,ordinal_6,U1_minus_U0,22.0,auc_improvement,0.012268120969017304,,,
draw,A_primary,ordinal_6,U1_minus_U0,22.0,top_decile_precision_improvement,0.010866127364515532,,,
draw,A_diagnostic,ordinal_6,R1_minus_R0,22.0,log_loss_improvement,-0.0003804695494991628,,,
draw,A_diagnostic,ordinal_6,R1_minus_R0,22.0,brier_improvement,-0.00019753904183540671,,,
draw,A_primary,ordinal_12,U1_minus_U0,22.0,log_loss_improvement,0.003298522294355677,,,
draw,A_primary,ordinal_12,U1_minus_U0,22.0,brier_improvement,0.0009976261950827292,,,
draw,A_primary,ordinal_12,U1_minus_U0,22.0,auc_improvement,0.006263679100169672,,,
draw,A_primary,ordinal_12,U1_minus_U0,22.0,top_decile_precision_improvement,0.022640539064409215,,,
draw,A_diagnostic,ordinal_12,R1_minus_R0,22.0,log_loss_improvement,-0.0006297665915672157,,,
draw,A_diagnostic,ordinal_12,R1_minus_R0,22.0,brier_improvement,-0.00040153566550531206,,,
draw,A_primary,low_transition,U1_minus_U0,22.0,log_loss_improvement,0.006440836843658204,,,
draw,A_primary,low_transition,U1_minus_U0,22.0,brier_improvement,0.002289527977288902,,,
draw,A_primary,low_transition,U1_minus_U0,22.0,auc_improvement,0.014497568963868002,,,
draw,A_primary,low_transition,U1_minus_U0,22.0,top_decile_precision_improvement,-0.00042877969299393026,,,
draw,A_diagnostic,low_transition,R1_minus_R0,22.0,log_loss_improvement,6.157242620541403e-06,,,
draw,A_diagnostic,low_transition,R1_minus_R0,22.0,brier_improvement,-0.00012535723754406036,,,
draw,B,pooled,F1_minus_F0,22.0,multiclass_log_loss_improvement,0.0055658410168989425,,,
draw,B,pooled,F1_minus_F0,22.0,multiclass_brier_improvement,-0.0006919789035058632,,,
draw,B,pooled,F1_minus_F0,22.0,top_two_accuracy_improvement,0.0005903338301366245,,,
draw,A_primary,pooled,U1_minus_U0,23.0,log_loss_improvement,0.0005843121719352751,,,
draw,A_primary,pooled,U1_minus_U0,23.0,brier_improvement,-1.1174484336462509e-05,,,
draw,A_primary,pooled,U1_minus_U0,23.0,auc_improvement,0.0025350306827618407,,,
draw,A_primary,pooled,U1_minus_U0,23.0,top_decile_precision_improvement,-0.011317942208605936,,,
draw,A_diagnostic,pooled,R1_minus_R0,23.0,log_loss_improvement,0.0007375354937567136,,,
draw,A_diagnostic,pooled,R1_minus_R0,23.0,brier_improvement,0.00015748304551487652,,,
draw,A_primary,ordinal_6,U1_minus_U0,23.0,log_loss_improvement,0.001655745309457446,,,
draw,A_primary,ordinal_6,U1_minus_U0,23.0,brier_improvement,0.0005072760341507387,,,
draw,A_primary,ordinal_6,U1_minus_U0,23.0,auc_improvement,0.0021121554310111756,,,
draw,A_primary,ordinal_6,U1_minus_U0,23.0,top_decile_precision_improvement,0.004714223356834024,,,
draw,A_diagnostic,ordinal_6,R1_minus_R0,23.0,log_loss_improvement,-0.0007772243316234162,,,
draw,A_diagnostic,ordinal_6,R1_minus_R0,23.0,brier_improvement,-0.000200710572996525,,,
draw,A_primary,ordinal_12,U1_minus_U0,23.0,log_loss_improvement,-0.0004871209655866737,,,
draw,A_primary,ordinal_12,U1_minus_U0,23.0,brier_improvement,-0.0005296250028236638,,,
draw,A_primary,ordinal_12,U1_minus_U0,23.0,auc_improvement,0.001615589083827751,,,
draw,A_primary,ordinal_12,U1_minus_U0,23.0,top_decile_precision_improvement,-0.014417984235494341,,,
draw,A_diagnostic,ordinal_12,R1_minus_R0,23.0,log_loss_improvement,0.002428968323988978,,,
draw,A_diagnostic,ordinal_12,R1_minus_R0,23.0,brier_improvement,0.000557454338507013,,,
draw,A_primary,low_transition,U1_minus_U0,23.0,log_loss_improvement,0.004464989727997748,,,
draw,A_primary,low_transition,U1_minus_U0,23.0,brier_improvement,0.0015930504339218,,,
draw,A_primary,low_transition,U1_minus_U0,23.0,auc_improvement,0.009942791642664761,,,
draw,A_primary,low_transition,U1_minus_U0,23.0,top_decile_precision_improvement,-0.03543268038680902,,,
draw,A_diagnostic,low_transition,R1_minus_R0,23.0,log_loss_improvement,0.0009316667193300932,,,
draw,A_diagnostic,low_transition,R1_minus_R0,23.0,brier_improvement,0.000219171751663437,,,
draw,B,pooled,F1_minus_F0,23.0,multiclass_log_loss_improvement,0.004073307937399018,,,
draw,B,pooled,F1_minus_F0,23.0,multiclass_brier_improvement,-0.0008016781450325694,,,
draw,B,pooled,F1_minus_F0,23.0,top_two_accuracy_improvement,0.0018865912275347618,,,
draw,A_primary,pooled,U1_minus_U0,24.0,log_loss_improvement,0.005028566136660029,,,
draw,A_primary,pooled,U1_minus_U0,24.0,brier_improvement,0.001667279288592144,,,
draw,A_primary,pooled,U1_minus_U0,24.0,auc_improvement,0.010253199928539347,,,
draw,A_primary,pooled,U1_minus_U0,24.0,top_decile_precision_improvement,-0.003344117862104312,,,
draw,A_diagnostic,pooled,R1_minus_R0,24.0,log_loss_improvement,0.0017036827092443418,,,
draw,A_diagnostic,pooled,R1_minus_R0,24.0,brier_improvement,0.0003342537961454478,,,
draw,A_primary,ordinal_6,U1_minus_U0,24.0,log_loss_improvement,0.005527175101248616,,,
draw,A_primary,ordinal_6,U1_minus_U0,24.0,brier_improvement,0.001962235474070373,,,
draw,A_primary,ordinal_6,U1_minus_U0,24.0,auc_improvement,0.013650692622833915,,,
draw,A_primary,ordinal_6,U1_minus_U0,24.0,top_decile_precision_improvement,-0.027408637873754138,,,
draw,A_diagnostic,ordinal_6,R1_minus_R0,24.0,log_loss_improvement,0.0010242523787069024,,,
draw,A_diagnostic,ordinal_6,R1_minus_R0,24.0,brier_improvement,9.037693825369314e-05,,,
draw,A_primary,ordinal_12,U1_minus_U0,24.0,log_loss_improvement,0.004529957172071386,,,
draw,A_primary,ordinal_12,U1_minus_U0,24.0,brier_improvement,0.001372323103113915,,,
draw,A_primary,ordinal_12,U1_minus_U0,24.0,auc_improvement,0.007603376672728479,,,
draw,A_primary,ordinal_12,U1_minus_U0,24.0,top_decile_precision_improvement,0.0018466407549877495,,,
draw,A_diagnostic,ordinal_12,R1_minus_R0,24.0,log_loss_improvement,0.0024369566163523204,,,
draw,A_diagnostic,ordinal_12,R1_minus_R0,24.0,brier_improvement,0.0005974574366099383,,,
draw,A_primary,low_transition,U1_minus_U0,24.0,log_loss_improvement,0.008882505334026347,,,
draw,A_primary,low_transition,U1_minus_U0,24.0,brier_improvement,0.0031358119683469743,,,
draw,A_primary,low_transition,U1_minus_U0,24.0,auc_improvement,0.019938501507253292,,,
draw,A_primary,low_transition,U1_minus_U0,24.0,top_decile_precision_improvement,-0.06667528104406278,,,
draw,A_diagnostic,low_transition,R1_minus_R0,24.0,log_loss_improvement,0.002713972712354379,,,
draw,A_diagnostic,low_transition,R1_minus_R0,24.0,brier_improvement,0.0005963626553870532,,,
draw,B,pooled,F1_minus_F0,24.0,multiclass_log_loss_improvement,0.004755048668153017,,,
draw,B,pooled,F1_minus_F0,24.0,multiclass_brier_improvement,0.0004904858626148534,,,
draw,B,pooled,F1_minus_F0,24.0,top_two_accuracy_improvement,0.0005984440454817053,,,
interval,A_diagnostic,low_transition,R1_minus_R0,,brier_improvement,,0.8,-8.46879579719157e-05,0.0003212311018910078
interval,A_diagnostic,low_transition,R1_minus_R0,,brier_improvement,,0.9,-0.00016851792806635846,0.0003471709317776003
interval,A_diagnostic,low_transition,R1_minus_R0,,brier_improvement,,0.95,-0.00025981681723024746,0.0004491202309058539
interval,A_diagnostic,low_transition,R1_minus_R0,,log_loss_improvement,,0.8,7.280932930980863e-05,0.0016529951283502712
interval,A_diagnostic,low_transition,R1_minus_R0,,log_loss_improvement,,0.9,1.6382469943776442e-05,0.0018238620643479305
interval,A_diagnostic,low_transition,R1_minus_R0,,log_loss_improvement,,0.95,-0.0003949931889072106,0.002195611981280153
interval,A_diagnostic,ordinal_12,R1_minus_R0,,brier_improvement,,0.8,-0.000249897488619877,0.0005803917922685337
interval,A_diagnostic,ordinal_12,R1_minus_R0,,brier_improvement,,0.9,-0.0003826014113727849,0.0005971026349098601
interval,A_diagnostic,ordinal_12,R1_minus_R0,,brier_improvement,,0.95,-0.0003918248719986417,0.0006395889393065622
interval,A_diagnostic,ordinal_12,R1_minus_R0,,log_loss_improvement,,0.8,-0.0002268964808548494,0.0024337612994069836
interval,A_diagnostic,ordinal_12,R1_minus_R0,,log_loss_improvement,,0.9,-0.0006054429133335149,0.0025495106126962757
interval,A_diagnostic,ordinal_12,R1_minus_R0,,log_loss_improvement,,0.95,-0.000692006751386831,0.0026497092908226547
interval,A_diagnostic,ordinal_6,R1_minus_R0,,brier_improvement,,0.8,-0.0003528435431619695,-1.2944543368890994e-05
interval,A_diagnostic,ordinal_6,R1_minus_R0,,brier_improvement,,0.9,-0.0003753092829052715,7.028715472487789e-05
interval,A_diagnostic,ordinal_6,R1_minus_R0,,brier_improvement,,0.95,-0.0004117269325097594,0.00019310850808770922
interval,A_diagnostic,ordinal_6,R1_minus_R0,,log_loss_improvement,,0.8,-0.0011402579192499763,0.00034761168465799496
interval,A_diagnostic,ordinal_6,R1_minus_R0,,log_loss_improvement,,0.9,-0.0014308441823033037,0.0009061187005743138
interval,A_diagnostic,ordinal_6,R1_minus_R0,,log_loss_improvement,,0.95,-0.0015078361892702063,0.0011912677668787335
interval,A_diagnostic,pooled,R1_minus_R0,,brier_improvement,,0.8,-0.00027224944632893715,0.00021938623096981474
interval,A_diagnostic,pooled,R1_minus_R0,,brier_improvement,,0.9,-0.00029715931542046716,0.0002775245424458893
interval,A_diagnostic,pooled,R1_minus_R0,,brier_improvement,,0.95,-0.00032224052735638497,0.0003071577521502971
interval,A_diagnostic,pooled,R1_minus_R0,,log_loss_improvement,,0.8,-0.0005946739892407238,0.0010073862208085484
interval,A_diagnostic,pooled,R1_minus_R0,,log_loss_improvement,,0.9,-0.0006962127072669078,0.0010484172197980813
interval,A_diagnostic,pooled,R1_minus_R0,,log_loss_improvement,,0.95,-0.0008171225328807595,0.001312744438995388
interval,A_primary,low_transition,U1_minus_U0,,auc_improvement,,0.8,0.012299776215050006,0.019914674943280985
interval,A_primary,low_transition,U1_minus_U0,,auc_improvement,,0.9,0.010290760347136118,0.02026742384623743
interval,A_primary,low_transition,U1_minus_U0,,auc_improvement,,0.95,0.008770853929588696,0.02093656363181442
interval,A_primary,low_transition,U1_minus_U0,,brier_improvement,,0.8,0.001631375134407348,0.0031434244121651134
interval,A_primary,low_transition,U1_minus_U0,,brier_improvement,,0.9,0.0013848709225909694,0.0034741726205086464
interval,A_primary,low_transition,U1_minus_U0,,brier_improvement,,0.95,0.0012899562925331677,0.003589298477474967
interval,A_primary,low_transition,U1_minus_U0,,log_loss_improvement,,0.8,0.004705319675201214,0.008823571182883728
interval,A_primary,low_transition,U1_minus_U0,,log_loss_improvement,,0.9,0.003739720128717694,0.009124102396756916
interval,A_primary,low_transition,U1_minus_U0,,log_loss_improvement,,0.95,0.003540329000962672,0.009423854245406725
interval,A_primary,low_transition,U1_minus_U0,,top_decile_precision_improvement,,0.8,-0.05087229448549015,0.01633675597355815
interval,A_primary,low_transition,U1_minus_U0,,top_decile_precision_improvement,,0.9,-0.05398603531265472,0.037236722910638835
interval,A_primary,low_transition,U1_minus_U0,,top_decile_precision_improvement,,0.95,-0.059115789515744935,0.04533254129874335
interval,A_primary,ordinal_12,U1_minus_U0,,auc_improvement,,0.8,0.00013499280163551373,0.007067497643704958
interval,A_primary,ordinal_12,U1_minus_U0,,auc_improvement,,0.9,-0.0002342272454006978,0.008642109581092834
interval,A_primary,ordinal_12,U1_minus_U0,,auc_improvement,,0.95,-0.0008448961465686847,0.009266599337717028
interval,A_primary,ordinal_12,U1_minus_U0,,brier_improvement,,0.8,-0.0005551910781444625,0.0012911806482845958
interval,A_primary,ordinal_12,U1_minus_U0,,brier_improvement,,0.9,-0.0006913418295752594,0.0015336886435687196
interval,A_primary,ordinal_12,U1_minus_U0,,brier_improvement,,0.95,-0.000903030454660225,0.0017012349733905915
interval,A_primary,ordinal_12,U1_minus_U0,,log_loss_improvement,,0.8,-0.0006117095932106854,0.004037383220985104
interval,A_primary,ordinal_12,U1_minus_U0,,log_loss_improvement,,0.9,-0.00134682670880979,0.004570385413601352
interval,A_primary,ordinal_12,U1_minus_U0,,log_loss_improvement,,0.95,-0.0018054106591183668,0.004911985989591148
interval,A_primary,ordinal_12,U1_minus_U0,,top_decile_precision_improvement,,0.8,-0.010362545940684826,0.016520333969891967
interval,A_primary,ordinal_12,U1_minus_U0,,top_decile_precision_improvement,,0.9,-0.014831350407976895,0.01698507184311424
interval,A_primary,ordinal_12,U1_minus_U0,,top_decile_precision_improvement,,0.95,-0.015208036338075503,0.019266538406706727
interval,A_primary,ordinal_6,U1_minus_U0,,auc_improvement,,0.8,0.009399299531917626,0.01984756767468552
interval,A_primary,ordinal_6,U1_minus_U0,,auc_improvement,,0.9,0.008965232237486354,0.02056189417012706
interval,A_primary,ordinal_6,U1_minus_U0,,auc_improvement,,0.95,0.0061616142654813445,0.020907359853552587
interval,A_primary,ordinal_6,U1_minus_U0,,brier_improvement,,0.8,0.0012171121040289612,0.003066548273482256
interval,A_primary,ordinal_6,U1_minus_U0,,brier_improvement,,0.9,0.001164293084807999,0.00310869230986372
interval,A_primary,ordinal_6,U1_minus_U0,,brier_improvement,,0.95,0.0008986339801708602,0.0031502454259330678
interval,A_primary,ordinal_6,U1_minus_U0,,log_loss_improvement,,0.8,0.003914507224915609,0.008356095443452461
interval,A_primary,ordinal_6,U1_minus_U0,,log_loss_improvement,,0.9,0.0034869472043553727,0.008595336719199409
interval,A_primary,ordinal_6,U1_minus_U0,,log_loss_improvement,,0.95,0.002701766354772762,0.008705967633168199
interval,A_primary,ordinal_6,U1_minus_U0,,top_decile_precision_improvement,,0.8,-0.017021516152122485,0.058395469765278755
interval,A_primary,ordinal_6,U1_minus_U0,,top_decile_precision_improvement,,0.9,-0.025356983392330147,0.07286366220826289
interval,A_primary,ordinal_6,U1_minus_U0,,top_decile_precision_improvement,,0.95,-0.0278486914961823,0.08107657934474591
interval,A_primary,pooled,U1_minus_U0,,auc_improvement,,0.8,0.007011948653083721,0.010624731209571836
interval,A_primary,pooled,U1_minus_U0,,auc_improvement,,0.9,0.004414529519459508,0.011615085964958279
interval,A_primary,pooled,U1_minus_U0,,auc_improvement,,0.95,0.003279025668096037,0.012380263737880702
interval,A_primary,pooled,U1_minus_U0,,brier_improvement,,0.8,0.0008719684437322905,0.0019466888953172613
interval,A_primary,pooled,U1_minus_U0,,brier_improvement,,0.9,0.0004941859864081742,0.0019922343852750266
interval,A_primary,pooled,U1_minus_U0,,brier_improvement,,0.95,0.00023884343706975252,0.002076911687382948
interval,A_primary,pooled,U1_minus_U0,,log_loss_improvement,,0.8,0.0027172894564974734,0.0050461468176039356
interval,A_primary,pooled,U1_minus_U0,,log_loss_improvement,,0.9,0.001748302400287027,0.005384974016795162
interval,A_primary,pooled,U1_minus_U0,,log_loss_improvement,,0.95,0.001156407426922757,0.005774200231595338
interval,A_primary,pooled,U1_minus_U0,,top_decile_precision_improvement,,0.8,-0.006984090700217483,0.01962806671531317
interval,A_primary,pooled,U1_minus_U0,,top_decile_precision_improvement,,0.9,-0.007877895277301272,0.02127229758585467
interval,A_primary,pooled,U1_minus_U0,,top_decile_precision_improvement,,0.95,-0.009268360596032197,0.02410344868113773
interval,B,pooled,F1_minus_F0,,multiclass_brier_improvement,,0.8,-0.002383554696661394,0.0017055390000130033
interval,B,pooled,F1_minus_F0,,multiclass_brier_improvement,,0.9,-0.0030177343524603,0.0026658746708616552
interval,B,pooled,F1_minus_F0,,multiclass_brier_improvement,,0.95,-0.0034118026359053807,0.003396975655453902
interval,B,pooled,F1_minus_F0,,multiclass_log_loss_improvement,,0.8,0.00026651189745956465,0.007164584557021847
interval,B,pooled,F1_minus_F0,,multiclass_log_loss_improvement,,0.9,-5.4347990047598564e-05,0.007619916049826346
interval,B,pooled,F1_minus_F0,,multiclass_log_loss_improvement,,0.95,-0.0006536428000390774,0.008403994607776742
interval,B,pooled,F1_minus_F0,,top_two_accuracy_improvement,,0.8,-0.0019162667079772656,0.0020134240798098673
interval,B,pooled,F1_minus_F0,,top_two_accuracy_improvement,,0.9,-0.0028318982583016576,0.0023389695409951495
interval,B,pooled,F1_minus_F0,,top_two_accuracy_improvement,,0.95,-0.003611821766213196,0.002939617982975682
