archetype,stock,eligible_episodes,actions,call_count,put_count,accuracy,mean_aligned_return,median_aligned_return,positive_return_rate,remaining_movement_fraction,contribution_to_positive_aligned_returns,contribution_to_negative_aligned_returns
C1,AAL,33,7,4,3,0.5714285714285714,0.002005001527819949,0.0011060362023005287,0.5714285714285714,0.5517944170096861,0.037999934052774395,0.017626810269513755
C1,AAOI,15,5,5,0,1.0,0.01760108520481196,0.0065465478048809716,1.0,0.5557700843417539,0.143168763976486,-0.0
C1,APLD,14,2,1,1,1.0,0.03726702118843252,0.03726702118843252,1.0,0.6283183724440622,0.12125328179593682,-0.0
C1,ASTS,26,6,5,1,0.3333333333333333,-0.0018463804605672884,-0.005287276747308033,0.3333333333333333,0.6006685571791736,0.05649436036641337,0.08659890570299988
C1,CIFR,24,13,0,13,0.46153846153846156,-0.0016484562664740086,-0.0007664793425836853,0.46153846153846156,0.4349735396255989,0.04646380409009962,0.09451272066163695
C1,HIMS,16,6,2,4,0.5,0.000130099502461012,0.00014733656899350707,0.5,0.5871094460247998,0.036779734611031845,0.041267442187533296
C1,IONQ,39,17,2,15,0.47058823529411764,-0.0029773206415983407,-0.0023234739609190144,0.47058823529411764,0.48835155433964783,0.08327351692556685,0.19246678197150316
C1,IREN,28,5,5,0,0.6,0.0057226075636533915,0.001353961029722991,0.6,0.665627930553129,0.055302158600806124,0.010173344918659259
C1,MARA,35,10,10,0,0.5,0.0017953771758226326,0.0022670938718258077,0.5,0.43055159407085536,0.06310264073669124,0.039390916561117796
C1,MP,18,5,4,1,0.4,-0.004064778684295652,-0.002671246130689552,0.4,0.6642407937850352,0.00910782113851343,0.04900874143523376
C1,MRNA,7,4,0,4,0.5,-0.002302432962164009,-0.004838306391650027,0.5,0.6061900680389294,0.020971625013020783,0.04178381839982478
C1,MSTR,14,3,1,2,0.6666666666666666,0.017608713093025453,0.02483990637966168,0.6666666666666666,0.5343871034013966,0.08802113732682765,0.0024203342548961486
C1,NVTS,15,5,5,0,0.8,0.0033286388805426814,0.007722562889909601,0.8,0.6985351253501408,0.05961267185973958,0.03781284696228263
C1,QBTS,20,7,1,6,0.14285714285714285,-0.010182441269410264,-0.011153415761685936,0.14285714285714285,0.7594050447842682,0.011525274520654648,0.14814981673461097
C1,RGTI,18,4,3,1,0.75,0.0018022203497911299,0.0011053808520129502,0.75,0.5167947571132263,0.035333424538174424,0.02743336942007115
C1,RIOT,26,5,5,0,1.0,0.009825514148306807,0.009584126234275172,1.0,0.6248351105140519,0.0799215900427538,-0.0
C1,RIVN,9,7,0,7,0.2857142857142857,-0.0048277342694855434,-0.005960090758350604,0.2857142857142857,0.3783430196149923,0.008821898313995593,0.07414318589747199
C1,SMCI,14,2,1,1,0.0,-0.017494142068176968,-0.017494142068176968,0.0,0.6557515460670043,0.0,0.06614853592756109
C1,SOFI,21,7,0,7,0.42857142857142855,0.001096686005176255,-0.0014344004932137619,0.42857142857142855,0.4561516407014451,0.042846362090513845,0.035279814466855935
C1,WULF,25,1,0,1,0.0,-0.018926681538799197,-0.018926681538799197,0.0,0.7321012137506907,0.0,0.03578261422822753
A1,AAL,33,7,3,4,0.8571428571428571,0.004198253504235419,0.0031018015905655578,0.8571428571428571,0.492450172231644,0.037203581385419154,0.003207069214437719
A1,AAOI,15,5,3,2,0.8,0.006641468846737826,0.0027008796095011884,0.8,0.4508627176939931,0.04211115130804652,0.0037259777633999232
A1,APLD,14,3,0,3,0.6666666666666666,0.0019315211472419604,0.006026064637479243,0.6666666666666666,0.6096228772308153,0.015817763327664408,0.012630101249647143
A1,ASTS,26,7,5,2,0.14285714285714285,-0.005131977636123829,-0.0035962021803525087,0.14285714285714285,0.37202201029489645,0.005697674578737334,0.0684663566601899
A1,CIFR,24,11,1,10,0.36363636363636365,0.0007302386843420685,-0.004872900737776174,0.36363636363636365,0.47614537657578987,0.06966053248060054,0.08502604670219154
A1,HIMS,16,5,2,3,0.2,-0.005839002867983395,-0.00842621112390983,0.2,0.5377584653697369,0.020105682179655127,0.07753139321746186
A1,IONQ,39,11,1,10,0.45454545454545453,-0.007397351026715292,-0.006914740825504302,0.45454545454545453,0.5732217493386426,0.03186267920482396,0.18189679931876251
A1,IREN,28,7,6,1,0.7142857142857143,0.007567771663177845,0.005312097484889884,0.7142857142857143,0.691568626926638,0.06785590928144208,0.006902366898797965
A1,MARA,35,9,7,2,0.5555555555555556,0.002362473708203353,0.005538623852278856,0.5555555555555556,0.4853602643775635,0.06185878018373805,0.051744579352266694
A1,MP,18,4,1,3,0.5,0.0032374577784059235,0.0038641577231482045,0.5,0.6305640415730435,0.029883623944203436,0.020494108464482623
A1,MRNA,7,6,0,6,0.5,-0.0018541933408917903,-0.002833463282676907,0.5,0.5003459356009207,0.020144996266588864,0.04720194437577007
A1,MSTR,14,8,3,5,0.625,0.008487462788216465,0.008840570661983772,0.625,0.5865038944161314,0.09971144020034048,0.02686387365428668
A1,NVTS,15,9,8,1,0.5555555555555556,0.000891814132108152,0.0017972519285505144,0.5555555555555556,0.5049918647687305,0.042627616610289014,0.04679921875651045
A1,QBTS,20,2,1,1,0.5,0.00344606386291379,0.00344606386291379,0.5,0.5605809668051158,0.019004660505109485,0.015292301129337611
A1,RGTI,18,11,5,6,0.7272727272727273,0.007748015213054223,0.002786144418020906,0.7272727272727273,0.6151416403073365,0.1436034581421575,0.05980970565143705
A1,RIOT,26,7,7,0,0.7142857142857143,0.005897099904995782,0.0034934533345601267,0.7142857142857143,0.7214313746109351,0.09131571065810204,0.059750728692884315
A1,RIVN,9,5,1,4,0.2,-0.005031324017764446,-0.005960090758350604,0.2,0.41362827698132626,0.003354817010012154,0.04704699792569612
A1,SMCI,14,5,2,3,0.4,-0.00037524403763906054,-0.002131656071151239,0.4,0.4175268076122336,0.02071589145861398,0.03245706380109127
A1,SOFI,21,10,3,7,0.3,0.0010662557969042226,-0.0021943070129396675,0.3,0.6324423030637529,0.07373447171163651,0.08636621880169068
A1,WULF,25,8,7,1,0.625,0.005942185759182391,0.006443768910239063,0.625,0.6827290046331231,0.10372955956281926,0.06678714836965771
R1,AAL,33,9,4,5,0.5555555555555556,-0.0001557998889572297,0.0011060362023005287,0.5555555555555556,0.550707176930774,0.04224227650148348,0.043853967667644204
R1,AAOI,15,4,3,1,1.0,0.008634450263381667,0.004417284098170519,1.0,0.40752651566002507,0.07436966027208325,-0.0
R1,APLD,14,3,0,3,0.3333333333333333,-0.0022329546316963455,-0.007511063222783207,0.3333333333333333,0.6914390504882583,0.02799935552429225,0.041104518030846096
R1,ASTS,26,6,6,0,0.16666666666666666,-0.00041089871285158547,-0.0026967664143613982,0.16666666666666666,0.4442407579591869,0.07276269144271356,0.07564335176681317
R1,CIFR,24,10,0,10,0.4,-0.0018327202812744136,-0.00528775622172032,0.4,0.5317147457054677,0.09843433042804912,0.13360934501895172
R1,HIMS,16,0,0,0,,,,,,0.0,-0.0
R1,IONQ,39,12,0,12,0.3333333333333333,-0.005718656184157286,-0.004019957602324938,0.3333333333333333,0.48934923879123815,0.03497363955153154,0.17705702330872017
R1,IREN,28,6,5,1,0.8333333333333334,0.010803358322273955,0.007726691635472252,0.8333333333333334,0.6991561864018615,0.144921831887333,0.005179452327969352
R1,MARA,35,9,9,0,0.5555555555555556,-6.378557951109531e-05,0.005309304091572512,0.5555555555555556,0.4840290655460182,0.06967992571360958,0.06871056539496963
R1,MP,18,0,0,0,,,,,,0.0,-0.0
R1,MRNA,7,5,0,5,0.4,-0.0022856167712539412,-0.005969850376272778,0.4,0.5920544968360517,0.03583643400465479,0.05856450857797901
R1,MSTR,14,1,1,0,1.0,0.004823513298698382,0.004823513298698382,1.0,0.6178116829835616,0.010386389243082541,-0.0
R1,NVTS,15,6,4,2,0.6666666666666666,0.004587591841783619,0.004759907409230058,0.6666666666666666,0.5264989179050577,0.10233713081468462,0.04172744703615238
R1,QBTS,20,4,1,3,0.25,-0.005043138485544029,-0.008950572131288068,0.25,0.6832672386900736,0.03442321983956559,0.07543897085414704
R1,RGTI,18,3,0,3,0.6666666666666666,0.007326627593251774,0.008833935865174653,0.6666666666666666,0.8276044191412358,0.05829157565444107,0.010621727508603688
R1,RIOT,26,8,8,0,0.625,0.00227836793582609,0.002032579792291098,0.625,0.6752019916854732,0.1006236354031959,0.05946707256854802
R1,RIVN,9,5,0,5,0.4,-0.003326423090449948,-0.00031530823627516245,0.4,0.3593285616826091,0.011676813282488683,0.04601350715437947
R1,SMCI,14,2,2,0,0.0,-0.009413939387408483,-0.009413939387408483,0.0,0.49130459173439256,0.0,0.03928089935197157
R1,SOFI,21,4,1,3,0.75,0.0034844408041701273,0.0028436526430407343,0.75,0.3819755667345097,0.03444851209017376,0.004298585810369807
R1,WULF,25,6,3,3,0.5,-0.005934345746268384,-0.0028730387877266973,0.5,0.5585345002898484,0.04659257834661729,0.11942905762193465
