state,exclusion_reason,invalidated_runs,bars,stocks,sessions,run_id,git_sha,contract_hash,data_snapshot_hash,panel_hash,implementation_source_hash,state_model_version,state_model_hash,model_lineage,symbol,session,segment_id,timestamp,age,source_artifact,source_hash,research_only,execution_enabled,order_placement,broker_connected,economic_outcomes_used,payoff_selection_used,production_runtime_modified,strategy_promotion,part_b_interaction_scoring_enabled,semantic_dictionary_promotion_enabled
0,left_truncated_by_source_gap_or_missing_open,1586,3967,13,217,143cc35bbab621d585cb9bf2,91996a9cf747a614ff6d9e08eaafc3583a58b91c,7c23ba6c613d79731d3e3f1f37122ff5f97e6e6845274121313ccb1ba1459e88,67417cf1fd1267cb4a945de8dff854916bd4d5bbde0c55f5d6545b1c4b6881e3,801c0bf9d69ecdd58b21fb2ba4392137048b466668344ebfc4c8faf6a0d3e2f1,177788fe59872f782f56492a52f86c3b5177023ac875c509339d328f5ce5306f,regime_model_v2_full_right_censored_refit,4fc1a02dce9ac2311dabaeb4623a559d37286dfe58baffef53828cc7415a3425,MODEL_FULL_REFIT,not_applicable,not_applicable,not_applicable,not_applicable,-1,not_applicable,not_applicable,True,False,disabled,False,False,False,False,False,False,False
0,run_reaches_structural_source_gap,429,1413,10,199,143cc35bbab621d585cb9bf2,91996a9cf747a614ff6d9e08eaafc3583a58b91c,7c23ba6c613d79731d3e3f1f37122ff5f97e6e6845274121313ccb1ba1459e88,67417cf1fd1267cb4a945de8dff854916bd4d5bbde0c55f5d6545b1c4b6881e3,801c0bf9d69ecdd58b21fb2ba4392137048b466668344ebfc4c8faf6a0d3e2f1,177788fe59872f782f56492a52f86c3b5177023ac875c509339d328f5ce5306f,regime_model_v2_full_right_censored_refit,4fc1a02dce9ac2311dabaeb4623a559d37286dfe58baffef53828cc7415a3425,MODEL_FULL_REFIT,not_applicable,not_applicable,not_applicable,not_applicable,-1,not_applicable,not_applicable,True,False,disabled,False,False,False,False,False,False,False
1,left_truncated_by_source_gap_or_missing_open,471,1504,21,182,143cc35bbab621d585cb9bf2,91996a9cf747a614ff6d9e08eaafc3583a58b91c,7c23ba6c613d79731d3e3f1f37122ff5f97e6e6845274121313ccb1ba1459e88,67417cf1fd1267cb4a945de8dff854916bd4d5bbde0c55f5d6545b1c4b6881e3,801c0bf9d69ecdd58b21fb2ba4392137048b466668344ebfc4c8faf6a0d3e2f1,177788fe59872f782f56492a52f86c3b5177023ac875c509339d328f5ce5306f,regime_model_v2_full_right_censored_refit,4fc1a02dce9ac2311dabaeb4623a559d37286dfe58baffef53828cc7415a3425,MODEL_FULL_REFIT,not_applicable,not_applicable,not_applicable,not_applicable,-1,not_applicable,not_applicable,True,False,disabled,False,False,False,False,False,False,False
1,run_reaches_structural_source_gap,245,703,10,152,143cc35bbab621d585cb9bf2,91996a9cf747a614ff6d9e08eaafc3583a58b91c,7c23ba6c613d79731d3e3f1f37122ff5f97e6e6845274121313ccb1ba1459e88,67417cf1fd1267cb4a945de8dff854916bd4d5bbde0c55f5d6545b1c4b6881e3,801c0bf9d69ecdd58b21fb2ba4392137048b466668344ebfc4c8faf6a0d3e2f1,177788fe59872f782f56492a52f86c3b5177023ac875c509339d328f5ce5306f,regime_model_v2_full_right_censored_refit,4fc1a02dce9ac2311dabaeb4623a559d37286dfe58baffef53828cc7415a3425,MODEL_FULL_REFIT,not_applicable,not_applicable,not_applicable,not_applicable,-1,not_applicable,not_applicable,True,False,disabled,False,False,False,False,False,False,False
2,left_truncated_by_source_gap_or_missing_open,69,127,11,60,143cc35bbab621d585cb9bf2,91996a9cf747a614ff6d9e08eaafc3583a58b91c,7c23ba6c613d79731d3e3f1f37122ff5f97e6e6845274121313ccb1ba1459e88,67417cf1fd1267cb4a945de8dff854916bd4d5bbde0c55f5d6545b1c4b6881e3,801c0bf9d69ecdd58b21fb2ba4392137048b466668344ebfc4c8faf6a0d3e2f1,177788fe59872f782f56492a52f86c3b5177023ac875c509339d328f5ce5306f,regime_model_v2_full_right_censored_refit,4fc1a02dce9ac2311dabaeb4623a559d37286dfe58baffef53828cc7415a3425,MODEL_FULL_REFIT,not_applicable,not_applicable,not_applicable,not_applicable,-1,not_applicable,not_applicable,True,False,disabled,False,False,False,False,False,False,False
2,run_reaches_structural_source_gap,101,230,13,83,143cc35bbab621d585cb9bf2,91996a9cf747a614ff6d9e08eaafc3583a58b91c,7c23ba6c613d79731d3e3f1f37122ff5f97e6e6845274121313ccb1ba1459e88,67417cf1fd1267cb4a945de8dff854916bd4d5bbde0c55f5d6545b1c4b6881e3,801c0bf9d69ecdd58b21fb2ba4392137048b466668344ebfc4c8faf6a0d3e2f1,177788fe59872f782f56492a52f86c3b5177023ac875c509339d328f5ce5306f,regime_model_v2_full_right_censored_refit,4fc1a02dce9ac2311dabaeb4623a559d37286dfe58baffef53828cc7415a3425,MODEL_FULL_REFIT,not_applicable,not_applicable,not_applicable,not_applicable,-1,not_applicable,not_applicable,True,False,disabled,False,False,False,False,False,False,False
3,left_truncated_by_source_gap_or_missing_open,341,810,19,169,143cc35bbab621d585cb9bf2,91996a9cf747a614ff6d9e08eaafc3583a58b91c,7c23ba6c613d79731d3e3f1f37122ff5f97e6e6845274121313ccb1ba1459e88,67417cf1fd1267cb4a945de8dff854916bd4d5bbde0c55f5d6545b1c4b6881e3,801c0bf9d69ecdd58b21fb2ba4392137048b466668344ebfc4c8faf6a0d3e2f1,177788fe59872f782f56492a52f86c3b5177023ac875c509339d328f5ce5306f,regime_model_v2_full_right_censored_refit,4fc1a02dce9ac2311dabaeb4623a559d37286dfe58baffef53828cc7415a3425,MODEL_FULL_REFIT,not_applicable,not_applicable,not_applicable,not_applicable,-1,not_applicable,not_applicable,True,False,disabled,False,False,False,False,False,False,False
3,run_reaches_structural_source_gap,167,373,9,119,143cc35bbab621d585cb9bf2,91996a9cf747a614ff6d9e08eaafc3583a58b91c,7c23ba6c613d79731d3e3f1f37122ff5f97e6e6845274121313ccb1ba1459e88,67417cf1fd1267cb4a945de8dff854916bd4d5bbde0c55f5d6545b1c4b6881e3,801c0bf9d69ecdd58b21fb2ba4392137048b466668344ebfc4c8faf6a0d3e2f1,177788fe59872f782f56492a52f86c3b5177023ac875c509339d328f5ce5306f,regime_model_v2_full_right_censored_refit,4fc1a02dce9ac2311dabaeb4623a559d37286dfe58baffef53828cc7415a3425,MODEL_FULL_REFIT,not_applicable,not_applicable,not_applicable,not_applicable,-1,not_applicable,not_applicable,True,False,disabled,False,False,False,False,False,False,False
4,left_truncated_by_source_gap_or_missing_open,9,16,3,8,143cc35bbab621d585cb9bf2,91996a9cf747a614ff6d9e08eaafc3583a58b91c,7c23ba6c613d79731d3e3f1f37122ff5f97e6e6845274121313ccb1ba1459e88,67417cf1fd1267cb4a945de8dff854916bd4d5bbde0c55f5d6545b1c4b6881e3,801c0bf9d69ecdd58b21fb2ba4392137048b466668344ebfc4c8faf6a0d3e2f1,177788fe59872f782f56492a52f86c3b5177023ac875c509339d328f5ce5306f,regime_model_v2_full_right_censored_refit,4fc1a02dce9ac2311dabaeb4623a559d37286dfe58baffef53828cc7415a3425,MODEL_FULL_REFIT,not_applicable,not_applicable,not_applicable,not_applicable,-1,not_applicable,not_applicable,True,False,disabled,False,False,False,False,False,False,False
4,run_reaches_structural_source_gap,25,173,8,18,143cc35bbab621d585cb9bf2,91996a9cf747a614ff6d9e08eaafc3583a58b91c,7c23ba6c613d79731d3e3f1f37122ff5f97e6e6845274121313ccb1ba1459e88,67417cf1fd1267cb4a945de8dff854916bd4d5bbde0c55f5d6545b1c4b6881e3,801c0bf9d69ecdd58b21fb2ba4392137048b466668344ebfc4c8faf6a0d3e2f1,177788fe59872f782f56492a52f86c3b5177023ac875c509339d328f5ce5306f,regime_model_v2_full_right_censored_refit,4fc1a02dce9ac2311dabaeb4623a559d37286dfe58baffef53828cc7415a3425,MODEL_FULL_REFIT,not_applicable,not_applicable,not_applicable,not_applicable,-1,not_applicable,not_applicable,True,False,disabled,False,False,False,False,False,False,False
5,left_truncated_by_source_gap_or_missing_open,85,314,10,64,143cc35bbab621d585cb9bf2,91996a9cf747a614ff6d9e08eaafc3583a58b91c,7c23ba6c613d79731d3e3f1f37122ff5f97e6e6845274121313ccb1ba1459e88,67417cf1fd1267cb4a945de8dff854916bd4d5bbde0c55f5d6545b1c4b6881e3,801c0bf9d69ecdd58b21fb2ba4392137048b466668344ebfc4c8faf6a0d3e2f1,177788fe59872f782f56492a52f86c3b5177023ac875c509339d328f5ce5306f,regime_model_v2_full_right_censored_refit,4fc1a02dce9ac2311dabaeb4623a559d37286dfe58baffef53828cc7415a3425,MODEL_FULL_REFIT,not_applicable,not_applicable,not_applicable,not_applicable,-1,not_applicable,not_applicable,True,False,disabled,False,False,False,False,False,False,False
5,run_reaches_structural_source_gap,109,603,19,63,143cc35bbab621d585cb9bf2,91996a9cf747a614ff6d9e08eaafc3583a58b91c,7c23ba6c613d79731d3e3f1f37122ff5f97e6e6845274121313ccb1ba1459e88,67417cf1fd1267cb4a945de8dff854916bd4d5bbde0c55f5d6545b1c4b6881e3,801c0bf9d69ecdd58b21fb2ba4392137048b466668344ebfc4c8faf6a0d3e2f1,177788fe59872f782f56492a52f86c3b5177023ac875c509339d328f5ce5306f,regime_model_v2_full_right_censored_refit,4fc1a02dce9ac2311dabaeb4623a559d37286dfe58baffef53828cc7415a3425,MODEL_FULL_REFIT,not_applicable,not_applicable,not_applicable,not_applicable,-1,not_applicable,not_applicable,True,False,disabled,False,False,False,False,False,False,False
6,left_truncated_by_source_gap_or_missing_open,56,166,12,40,143cc35bbab621d585cb9bf2,91996a9cf747a614ff6d9e08eaafc3583a58b91c,7c23ba6c613d79731d3e3f1f37122ff5f97e6e6845274121313ccb1ba1459e88,67417cf1fd1267cb4a945de8dff854916bd4d5bbde0c55f5d6545b1c4b6881e3,801c0bf9d69ecdd58b21fb2ba4392137048b466668344ebfc4c8faf6a0d3e2f1,177788fe59872f782f56492a52f86c3b5177023ac875c509339d328f5ce5306f,regime_model_v2_full_right_censored_refit,4fc1a02dce9ac2311dabaeb4623a559d37286dfe58baffef53828cc7415a3425,MODEL_FULL_REFIT,not_applicable,not_applicable,not_applicable,not_applicable,-1,not_applicable,not_applicable,True,False,disabled,False,False,False,False,False,False,False
6,run_reaches_structural_source_gap,56,262,15,35,143cc35bbab621d585cb9bf2,91996a9cf747a614ff6d9e08eaafc3583a58b91c,7c23ba6c613d79731d3e3f1f37122ff5f97e6e6845274121313ccb1ba1459e88,67417cf1fd1267cb4a945de8dff854916bd4d5bbde0c55f5d6545b1c4b6881e3,801c0bf9d69ecdd58b21fb2ba4392137048b466668344ebfc4c8faf6a0d3e2f1,177788fe59872f782f56492a52f86c3b5177023ac875c509339d328f5ce5306f,regime_model_v2_full_right_censored_refit,4fc1a02dce9ac2311dabaeb4623a559d37286dfe58baffef53828cc7415a3425,MODEL_FULL_REFIT,not_applicable,not_applicable,not_applicable,not_applicable,-1,not_applicable,not_applicable,True,False,disabled,False,False,False,False,False,False,False
7,left_truncated_by_source_gap_or_missing_open,3,3,2,3,143cc35bbab621d585cb9bf2,91996a9cf747a614ff6d9e08eaafc3583a58b91c,7c23ba6c613d79731d3e3f1f37122ff5f97e6e6845274121313ccb1ba1459e88,67417cf1fd1267cb4a945de8dff854916bd4d5bbde0c55f5d6545b1c4b6881e3,801c0bf9d69ecdd58b21fb2ba4392137048b466668344ebfc4c8faf6a0d3e2f1,177788fe59872f782f56492a52f86c3b5177023ac875c509339d328f5ce5306f,regime_model_v2_full_right_censored_refit,4fc1a02dce9ac2311dabaeb4623a559d37286dfe58baffef53828cc7415a3425,MODEL_FULL_REFIT,not_applicable,not_applicable,not_applicable,not_applicable,-1,not_applicable,not_applicable,True,False,disabled,False,False,False,False,False,False,False
7,run_reaches_structural_source_gap,5,102,3,5,143cc35bbab621d585cb9bf2,91996a9cf747a614ff6d9e08eaafc3583a58b91c,7c23ba6c613d79731d3e3f1f37122ff5f97e6e6845274121313ccb1ba1459e88,67417cf1fd1267cb4a945de8dff854916bd4d5bbde0c55f5d6545b1c4b6881e3,801c0bf9d69ecdd58b21fb2ba4392137048b466668344ebfc4c8faf6a0d3e2f1,177788fe59872f782f56492a52f86c3b5177023ac875c509339d328f5ce5306f,regime_model_v2_full_right_censored_refit,4fc1a02dce9ac2311dabaeb4623a559d37286dfe58baffef53828cc7415a3425,MODEL_FULL_REFIT,not_applicable,not_applicable,not_applicable,not_applicable,-1,not_applicable,not_applicable,True,False,disabled,False,False,False,False,False,False,False
