scope_type,scope_value,model,multiclass_log_loss,multiclass_brier,top_one_accuracy,top_two_accuracy,mean_reciprocal_rank,mean_probability_realised_class,expected_calibration_error,prediction_entropy,effective_candidate_count,rows,unique_candidates,sessions,stocks,target_class_support,weight_sum
assessment_month,2025-01,C0,0.573804234141828,0.31516441691746,0.774986623863028,0.929695024077047,0.874059211699661,0.669070639703755,0.0555282823844142,0.6360246216941,1.88895661616526,574,89,19,19,"{""NO_REGISTERED_COMPLETION"": 474, ""OTHER_REGISTERED_COMPLETION"": 54, ""loop_p_2-5-6-2"": 23, ""loop_p_2-6-2"": 7, ""loop_p_4-6-4"": 16}",4.45
assessment_month,2025-01,C1,0.564336818746876,0.310012500368596,0.792108079186731,0.935045478865704,0.883199571963617,0.672110192300862,0.0437058122508097,0.630086339973765,1.87777269911111,574,89,19,19,"{""NO_REGISTERED_COMPLETION"": 474, ""OTHER_REGISTERED_COMPLETION"": 54, ""loop_p_2-5-6-2"": 23, ""loop_p_2-6-2"": 7, ""loop_p_4-6-4"": 16}",4.45
assessment_month,2025-01,C2,0.562662882975228,0.309808784489399,0.793713215623328,0.935045478865704,0.884002140181916,0.673792076572914,0.0384482749272159,0.623091286943459,1.86468341299956,574,89,19,19,"{""NO_REGISTERED_COMPLETION"": 474, ""OTHER_REGISTERED_COMPLETION"": 54, ""loop_p_2-5-6-2"": 23, ""loop_p_2-6-2"": 7, ""loop_p_4-6-4"": 16}",4.45
assessment_month,2025-02,C0,0.567685785279904,0.327430011457576,0.789764359351988,0.973613156602847,0.890484372443135,0.667253611095208,0.0710842621522048,0.608554576376348,1.8377731173943,630,97,19,19,"{""NO_REGISTERED_COMPLETION"": 514, ""OTHER_REGISTERED_COMPLETION"": 96, ""loop_p_2-5-6-2"": 1, ""loop_p_2-6-2"": 11, ""loop_p_4-6-4"": 8}",4.85
assessment_month,2025-02,C1,0.549602035607814,0.317754029902987,0.798846342660776,0.977172312223859,0.895618556701031,0.674434843150822,0.0719287918542129,0.6000340083295,1.82218076866077,630,97,19,19,"{""NO_REGISTERED_COMPLETION"": 514, ""OTHER_REGISTERED_COMPLETION"": 96, ""loop_p_2-5-6-2"": 1, ""loop_p_2-6-2"": 11, ""loop_p_4-6-4"": 8}",4.85
assessment_month,2025-02,C2,0.54648962271358,0.317860162222912,0.800662739322533,0.978645066273932,0.896772214040255,0.676183677520002,0.0667873361488016,0.591741655076438,1.80713307864381,630,97,19,19,"{""NO_REGISTERED_COMPLETION"": 514, ""OTHER_REGISTERED_COMPLETION"": 96, ""loop_p_2-5-6-2"": 1, ""loop_p_2-6-2"": 11, ""loop_p_4-6-4"": 8}",4.85
assessment_month,2025-03,C0,0.572628671354213,0.331734195978302,0.76424062049062,0.95817325036075,0.87454699525012,0.657305511401817,0.0532796223240648,0.632127951007123,1.88161029667954,702,111,21,16,"{""NO_REGISTERED_COMPLETION"": 564, ""OTHER_REGISTERED_COMPLETION"": 99, ""loop_p_2-5-6-2"": 16, ""loop_p_2-6-2"": 9, ""loop_p_4-6-4"": 14}",5.55789473684211
assessment_month,2025-03,C1,0.581044219819541,0.337473973987371,0.752674062049062,0.960486562049062,0.868868371212121,0.655761097379357,0.0602290424678334,0.625300113852658,1.86880672806753,702,111,21,16,"{""NO_REGISTERED_COMPLETION"": 564, ""OTHER_REGISTERED_COMPLETION"": 99, ""loop_p_2-5-6-2"": 16, ""loop_p_2-6-2"": 9, ""loop_p_4-6-4"": 14}",5.55789473684211
assessment_month,2025-03,C2,0.581144042857189,0.337584639485737,0.750960497835498,0.960486562049062,0.867904491341991,0.654301590401469,0.0609583663728527,0.629261585296008,1.87622463576775,702,111,21,16,"{""NO_REGISTERED_COMPLETION"": 564, ""OTHER_REGISTERED_COMPLETION"": 99, ""loop_p_2-5-6-2"": 16, ""loop_p_2-6-2"": 9, ""loop_p_4-6-4"": 14}",5.55789473684211
assessment_month,2025-04,C0,0.435348284347318,0.238816316940622,0.862344823839405,0.986451796919566,0.928914378072963,0.721486406452486,0.0713503285195789,0.57456300181712,1.77635409376533,596,91,19,19,"{""NO_REGISTERED_COMPLETION"": 527, ""OTHER_REGISTERED_COMPLETION"": 60, ""loop_p_2-6-2"": 2, ""loop_p_4-6-4"": 7}",4.61315789473684
assessment_month,2025-04,C1,0.432261205485797,0.236539021905943,0.870086654171081,0.985548583380871,0.932634757649019,0.723281303885731,0.0787495399779008,0.570608262154966,1.76934294854157,596,91,19,19,"{""NO_REGISTERED_COMPLETION"": 527, ""OTHER_REGISTERED_COMPLETION"": 60, ""loop_p_2-6-2"": 2, ""loop_p_4-6-4"": 7}",4.61315789473684
assessment_month,2025-04,C2,0.428421381075316,0.235810846126846,0.866473800016299,0.985548583380871,0.930828330571628,0.724634587707629,0.0747003277312408,0.565084457370688,1.7595963873307,596,91,19,19,"{""NO_REGISTERED_COMPLETION"": 527, ""OTHER_REGISTERED_COMPLETION"": 60, ""loop_p_2-6-2"": 2, ""loop_p_4-6-4"": 7}",4.61315789473684
assessment_month,2025-05,C0,0.535898943200933,0.294306268551249,0.811064718162839,0.966447957053385,0.89874739039666,0.683215600027397,0.0503126004410437,0.595012942191034,1.81305440970484,667,106,19,19,"{""NO_REGISTERED_COMPLETION"": 577, ""OTHER_REGISTERED_COMPLETION"": 48, ""loop_p_2-5-6-2"": 14, ""loop_p_2-6-2"": 14, ""loop_p_4-6-4"": 14}",5.32222222222222
assessment_month,2025-05,C1,0.530233919419044,0.292124273495501,0.812481359976141,0.962421711899791,0.898896510587534,0.685018328872759,0.0565022088751792,0.589383576907797,1.80287673794757,667,106,19,19,"{""NO_REGISTERED_COMPLETION"": 577, ""OTHER_REGISTERED_COMPLETION"": 48, ""loop_p_2-5-6-2"": 14, ""loop_p_2-6-2"": 14, ""loop_p_4-6-4"": 14}",5.32222222222222
assessment_month,2025-05,C2,0.532613892457423,0.291814185785359,0.817178645988667,0.962421711899791,0.901245153593797,0.685402123835242,0.0663934823852619,0.587161182346687,1.79887448343241,667,106,19,19,"{""NO_REGISTERED_COMPLETION"": 577, ""OTHER_REGISTERED_COMPLETION"": 48, ""loop_p_2-5-6-2"": 14, ""loop_p_2-6-2"": 14, ""loop_p_4-6-4"": 14}",5.32222222222222
assessment_month,2025-06,C0,0.428769747115104,0.246153070735829,0.83807967631497,0.988173046996576,0.916524017014213,0.707517191472186,0.0825674323472394,0.58171589632938,1.78910571835872,1008,153,20,20,"{""NO_REGISTERED_COMPLETION"": 870, ""OTHER_REGISTERED_COMPLETION"": 118, ""loop_p_2-6-2"": 3, ""loop_p_4-6-4"": 17}",7.65
assessment_month,2025-06,C1,0.425432098309146,0.246246719264738,0.838390911920324,0.992374727668845,0.917379914928934,0.707066613491949,0.0828969456963937,0.578753766522564,1.78381399623596,1008,153,20,20,"{""NO_REGISTERED_COMPLETION"": 870, ""OTHER_REGISTERED_COMPLETION"": 118, ""loop_p_2-6-2"": 3, ""loop_p_4-6-4"": 17}",7.65
assessment_month,2025-06,C2,0.428823895686345,0.248597102213171,0.839324618736383,0.989106753812636,0.917302106027596,0.706219699650212,0.0735275507115558,0.577020646941476,1.7807251107472,1008,153,20,20,"{""NO_REGISTERED_COMPLETION"": 870, ""OTHER_REGISTERED_COMPLETION"": 118, ""loop_p_2-6-2"": 3, ""loop_p_4-6-4"": 17}",7.65
assessment_month,2025-07,C0,0.549829914229186,0.326011612747376,0.769112672391361,0.974212854540723,0.879803105212941,0.663769249748761,0.0375789999147375,0.603322921269029,1.8281836285998,1166,183,21,20,"{""NO_REGISTERED_COMPLETION"": 922, ""OTHER_REGISTERED_COMPLETION"": 197, ""loop_p_2-5-6-2"": 10, ""loop_p_2-6-2"": 7, ""loop_p_4-6-4"": 30}",9.15
assessment_month,2025-07,C1,0.550090954275135,0.325838887480152,0.770947176684881,0.970387717928701,0.880082834591031,0.664656026522194,0.0353265146331549,0.598550489400049,1.81947953316,1166,183,21,20,"{""NO_REGISTERED_COMPLETION"": 922, ""OTHER_REGISTERED_COMPLETION"": 197, ""loop_p_2-5-6-2"": 10, ""loop_p_2-6-2"": 7, ""loop_p_4-6-4"": 30}",9.15
assessment_month,2025-07,C2,0.553007233116896,0.326860529245089,0.770947176684881,0.97311995836586,0.880538207997224,0.664327195197264,0.0425321717184448,0.596776378198322,1.81625443582547,1166,183,21,20,"{""NO_REGISTERED_COMPLETION"": 922, ""OTHER_REGISTERED_COMPLETION"": 197, ""loop_p_2-5-6-2"": 10, ""loop_p_2-6-2"": 7, ""loop_p_4-6-4"": 30}",9.15
assessment_month,2025-08,C0,0.568673282362406,0.333459403198466,0.765860805860806,0.975824175824176,0.878580586080586,0.662537775745772,0.0303050949954832,0.608119218805562,1.83697320309127,846,130,16,20,"{""NO_REGISTERED_COMPLETION"": 656, ""OTHER_REGISTERED_COMPLETION"": 133, ""loop_p_2-6-2"": 18, ""loop_p_4-6-4"": 39}",6.5
assessment_month,2025-08,C1,0.551590186262102,0.32004785084112,0.797142857142857,0.974358974358974,0.893977411477412,0.671148179510689,0.0295401652754566,0.59912078942395,1.82051747832319,846,130,16,20,"{""NO_REGISTERED_COMPLETION"": 656, ""OTHER_REGISTERED_COMPLETION"": 133, ""loop_p_2-6-2"": 18, ""loop_p_4-6-4"": 39}",6.5
assessment_month,2025-08,C2,0.548013879928335,0.318820156568214,0.790476190476191,0.974358974358974,0.890644078144078,0.672565124033725,0.0273827734583033,0.595908155549875,1.81467820694676,846,130,16,20,"{""NO_REGISTERED_COMPLETION"": 656, ""OTHER_REGISTERED_COMPLETION"": 133, ""loop_p_2-6-2"": 18, ""loop_p_4-6-4"": 39}",6.5
