deleted_symbol,comparison,rows,sessions,stocks,full_increment,leave_one_out_increment,same_sign_as_full
AAL,A2_minus_A1_brier,1553,152,19,0.00122939627995,0.00104259851336,True
AAL,A2_minus_A1_log_loss,1553,152,19,0.00483774443215,0.00447754561488,True
AAL,A3_minus_A2_brier,1553,152,19,-0.00189282693197,-0.00184655256086,True
AAL,A3_minus_A2_log_loss,1553,152,19,-0.00625273543842,-0.00617128723611,True
AAL,D2_minus_D1_brier,1553,152,19,-0.0173504287875,-0.0177673420645,True
AAL,D2_minus_D1_log_loss,1553,152,19,-0.0423065570939,-0.0433303398845,True
AAL,D3_minus_D2_brier,1553,152,19,-0.00959845070952,-0.00963946783577,True
AAL,D3_minus_D2_log_loss,1553,152,19,-0.0252881545591,-0.0254087681572,True
AAOI,A2_minus_A1_brier,1442,151,19,0.00122939627995,0.00136601355396,True
AAOI,A2_minus_A1_log_loss,1442,151,19,0.00483774443215,0.00490120679875,True
AAOI,A3_minus_A2_brier,1442,151,19,-0.00189282693197,-0.00166878370872,True
AAOI,A3_minus_A2_log_loss,1442,151,19,-0.00625273543842,-0.00583624963352,True
AAOI,D2_minus_D1_brier,1442,151,19,-0.0173504287875,-0.0181701439203,True
AAOI,D2_minus_D1_log_loss,1442,151,19,-0.0423065570939,-0.0443977249216,True
AAOI,D3_minus_D2_brier,1442,151,19,-0.00959845070952,-0.0101560660265,True
AAOI,D3_minus_D2_log_loss,1442,151,19,-0.0252881545591,-0.0262873486233,True
APLD,A2_minus_A1_brier,1440,152,19,0.00122939627995,0.00089926512074,True
APLD,A2_minus_A1_log_loss,1440,152,19,0.00483774443215,0.00409526336226,True
APLD,A3_minus_A2_brier,1440,152,19,-0.00189282693197,-0.00222775266377,True
APLD,A3_minus_A2_log_loss,1440,152,19,-0.00625273543842,-0.00689437542322,True
APLD,D2_minus_D1_brier,1440,152,19,-0.0173504287875,-0.0180721410853,True
APLD,D2_minus_D1_log_loss,1440,152,19,-0.0423065570939,-0.0433399822048,True
APLD,D3_minus_D2_brier,1440,152,19,-0.00959845070952,-0.00911297839787,True
APLD,D3_minus_D2_log_loss,1440,152,19,-0.0252881545591,-0.0238300145005,True
ASTS,A2_minus_A1_brier,1481,153,19,0.00122939627995,0.000920458475139,True
ASTS,A2_minus_A1_log_loss,1481,153,19,0.00483774443215,0.00410492677892,True
ASTS,A3_minus_A2_brier,1481,153,19,-0.00189282693197,-0.00194689454217,True
ASTS,A3_minus_A2_log_loss,1481,153,19,-0.00625273543842,-0.00627030008721,True
ASTS,D2_minus_D1_brier,1481,153,19,-0.0173504287875,-0.0163417670607,True
ASTS,D2_minus_D1_log_loss,1481,153,19,-0.0423065570939,-0.0401152347853,True
ASTS,D3_minus_D2_brier,1481,153,19,-0.00959845070952,-0.00958615724946,True
ASTS,D3_minus_D2_log_loss,1481,153,19,-0.0252881545591,-0.025616343304,True
CIFR,A2_minus_A1_brier,1463,152,19,0.00122939627995,0.00109376389103,True
CIFR,A2_minus_A1_log_loss,1463,152,19,0.00483774443215,0.00476640511384,True
CIFR,A3_minus_A2_brier,1463,152,19,-0.00189282693197,-0.00149958480208,True
CIFR,A3_minus_A2_log_loss,1463,152,19,-0.00625273543842,-0.00537441464456,True
CIFR,D2_minus_D1_brier,1463,152,19,-0.0173504287875,-0.0176600433422,True
CIFR,D2_minus_D1_log_loss,1463,152,19,-0.0423065570939,-0.0431055281127,True
CIFR,D3_minus_D2_brier,1463,152,19,-0.00959845070952,-0.00874643432638,True
CIFR,D3_minus_D2_log_loss,1463,152,19,-0.0252881545591,-0.0231629472398,True
HIMS,A2_minus_A1_brier,1436,153,19,0.00122939627995,0.000786711085131,True
HIMS,A2_minus_A1_log_loss,1436,153,19,0.00483774443215,0.00382243593941,True
HIMS,A3_minus_A2_brier,1436,153,19,-0.00189282693197,-0.00207558100814,True
HIMS,A3_minus_A2_log_loss,1436,153,19,-0.00625273543842,-0.0064209979318,True
HIMS,D2_minus_D1_brier,1436,153,19,-0.0173504287875,-0.0196721351095,True
HIMS,D2_minus_D1_log_loss,1436,153,19,-0.0423065570939,-0.0476289808601,True
HIMS,D3_minus_D2_brier,1436,153,19,-0.00959845070952,-0.00956340535655,True
HIMS,D3_minus_D2_log_loss,1436,153,19,-0.0252881545591,-0.0253130642366,True
IONQ,A2_minus_A1_brier,1445,153,19,0.00122939627995,0.00279188816655,True
IONQ,A2_minus_A1_log_loss,1445,153,19,0.00483774443215,0.0084664519892,True
IONQ,A3_minus_A2_brier,1445,153,19,-0.00189282693197,-0.00184075488242,True
IONQ,A3_minus_A2_log_loss,1445,153,19,-0.00625273543842,-0.0062199135572,True
IONQ,D2_minus_D1_brier,1445,153,19,-0.0173504287875,-0.016207767907,True
IONQ,D2_minus_D1_log_loss,1445,153,19,-0.0423065570939,-0.0398968018331,True
IONQ,D3_minus_D2_brier,1445,153,19,-0.00959845070952,-0.0107302139856,True
IONQ,D3_minus_D2_log_loss,1445,153,19,-0.0252881545591,-0.0285737087856,True
IREN,A2_minus_A1_brier,1487,153,19,0.00122939627995,0.00177191415788,True
IREN,A2_minus_A1_log_loss,1487,153,19,0.00483774443215,0.00592776730076,True
IREN,A3_minus_A2_brier,1487,153,19,-0.00189282693197,-0.00225699421208,True
IREN,A3_minus_A2_log_loss,1487,153,19,-0.00625273543842,-0.00716765257293,True
IREN,D2_minus_D1_brier,1487,153,19,-0.0173504287875,-0.0177141484048,True
IREN,D2_minus_D1_log_loss,1487,153,19,-0.0423065570939,-0.0431077941048,True
IREN,D3_minus_D2_brier,1487,153,19,-0.00959845070952,-0.00907524261532,True
IREN,D3_minus_D2_log_loss,1487,153,19,-0.0252881545591,-0.0241873927563,True
MARA,A2_minus_A1_brier,1526,153,19,0.00122939627995,0.00125190835623,True
MARA,A2_minus_A1_log_loss,1526,153,19,0.00483774443215,0.00491899275119,True
MARA,A3_minus_A2_brier,1526,153,19,-0.00189282693197,-0.00169484781679,True
MARA,A3_minus_A2_log_loss,1526,153,19,-0.00625273543842,-0.00587873167187,True
MARA,D2_minus_D1_brier,1526,153,19,-0.0173504287875,-0.0174750504194,True
MARA,D2_minus_D1_log_loss,1526,153,19,-0.0423065570939,-0.0426572021237,True
MARA,D3_minus_D2_brier,1526,153,19,-0.00959845070952,-0.00916175510077,True
MARA,D3_minus_D2_log_loss,1526,153,19,-0.0252881545591,-0.0242078149377,True
MP,A2_minus_A1_brier,1483,153,19,0.00122939627995,0.000375781487267,True
MP,A2_minus_A1_log_loss,1483,153,19,0.00483774443215,0.00334205252961,True
MP,A3_minus_A2_brier,1483,153,19,-0.00189282693197,-0.00132513249667,True
MP,A3_minus_A2_log_loss,1483,153,19,-0.00625273543842,-0.00510652747346,True
MP,D2_minus_D1_brier,1483,153,19,-0.0173504287875,-0.0186091880332,True
MP,D2_minus_D1_log_loss,1483,153,19,-0.0423065570939,-0.0450753303606,True
MP,D3_minus_D2_brier,1483,153,19,-0.00959845070952,-0.00981687797156,True
MP,D3_minus_D2_log_loss,1483,153,19,-0.0252881545591,-0.0256842432757,True
MRNA,A2_minus_A1_brier,1527,153,19,0.00122939627995,0.000834174913032,True
MRNA,A2_minus_A1_log_loss,1527,153,19,0.00483774443215,0.00404132478254,True
MRNA,A3_minus_A2_brier,1527,153,19,-0.00189282693197,-0.00204395589072,True
MRNA,A3_minus_A2_log_loss,1527,153,19,-0.00625273543842,-0.00660857486689,True
MRNA,D2_minus_D1_brier,1527,153,19,-0.0173504287875,-0.0172652971629,True
MRNA,D2_minus_D1_log_loss,1527,153,19,-0.0423065570939,-0.0408531835545,True
MRNA,D3_minus_D2_brier,1527,153,19,-0.00959845070952,-0.0103130396032,True
MRNA,D3_minus_D2_log_loss,1527,153,19,-0.0252881545591,-0.0278246583259,True
MSTR,A2_minus_A1_brier,1532,153,19,0.00122939627995,0.000965876475298,True
MSTR,A2_minus_A1_log_loss,1532,153,19,0.00483774443215,0.00424833568256,True
MSTR,A3_minus_A2_brier,1532,153,19,-0.00189282693197,-0.00211487231294,True
MSTR,A3_minus_A2_log_loss,1532,153,19,-0.00625273543842,-0.00672326956916,True
MSTR,D2_minus_D1_brier,1532,153,19,-0.0173504287875,-0.0167517469243,True
MSTR,D2_minus_D1_log_loss,1532,153,19,-0.0423065570939,-0.040972167356,True
MSTR,D3_minus_D2_brier,1532,153,19,-0.00959845070952,-0.00945743777476,True
MSTR,D3_minus_D2_log_loss,1532,153,19,-0.0252881545591,-0.024738841462,True
NVTS,A2_minus_A1_brier,1455,150,19,0.00122939627995,0.00112907246823,True
NVTS,A2_minus_A1_log_loss,1455,150,19,0.00483774443215,0.0039277212901,True
NVTS,A3_minus_A2_brier,1455,150,19,-0.00189282693197,-0.00188496953732,True
NVTS,A3_minus_A2_log_loss,1455,150,19,-0.00625273543842,-0.00652644689005,True
NVTS,D2_minus_D1_brier,1455,150,19,-0.0173504287875,-0.0146112053261,True
NVTS,D2_minus_D1_log_loss,1455,150,19,-0.0423065570939,-0.0360766103059,True
NVTS,D3_minus_D2_brier,1455,150,19,-0.00959845070952,-0.00950092106417,True
NVTS,D3_minus_D2_log_loss,1455,150,19,-0.0252881545591,-0.023089977115,True
QBTS,A2_minus_A1_brier,1389,152,19,0.00122939627995,0.00206099734726,True
QBTS,A2_minus_A1_log_loss,1389,152,19,0.00483774443215,0.00716792157957,True
QBTS,A3_minus_A2_brier,1389,152,19,-0.00189282693197,-0.0023188681524,True
QBTS,A3_minus_A2_log_loss,1389,152,19,-0.00625273543842,-0.00679866410004,True
QBTS,D2_minus_D1_brier,1389,152,19,-0.0173504287875,-0.0158718423098,True
QBTS,D2_minus_D1_log_loss,1389,152,19,-0.0423065570939,-0.0395386043425,True
QBTS,D3_minus_D2_brier,1389,152,19,-0.00959845070952,-0.00975993520082,True
QBTS,D3_minus_D2_log_loss,1389,152,19,-0.0252881545591,-0.0256295036405,True
RGTI,A2_minus_A1_brier,1421,153,19,0.00122939627995,0.00179843379371,True
RGTI,A2_minus_A1_log_loss,1421,153,19,0.00483774443215,0.00612426705646,True
RGTI,A3_minus_A2_brier,1421,153,19,-0.00189282693197,-0.00244024697456,True
RGTI,A3_minus_A2_log_loss,1421,153,19,-0.00625273543842,-0.00748687726657,True
RGTI,D2_minus_D1_brier,1421,153,19,-0.0173504287875,-0.0178807005047,True
RGTI,D2_minus_D1_log_loss,1421,153,19,-0.0423065570939,-0.0441441394466,True
RGTI,D3_minus_D2_brier,1421,153,19,-0.00959845070952,-0.00864023188079,True
RGTI,D3_minus_D2_log_loss,1421,153,19,-0.0252881545591,-0.0237575316618,True
RIOT,A2_minus_A1_brier,1515,153,19,0.00122939627995,0.000948252876369,True
RIOT,A2_minus_A1_log_loss,1515,153,19,0.00483774443215,0.00423489780998,True
RIOT,A3_minus_A2_brier,1515,153,19,-0.00189282693197,-0.00208470085972,True
RIOT,A3_minus_A2_log_loss,1515,153,19,-0.00625273543842,-0.00666955075255,True
RIOT,D2_minus_D1_brier,1515,153,19,-0.0173504287875,-0.0174861637298,True
RIOT,D2_minus_D1_log_loss,1515,153,19,-0.0423065570939,-0.0425745839688,True
RIOT,D3_minus_D2_brier,1515,153,19,-0.00959845070952,-0.0100795889865,True
RIOT,D3_minus_D2_log_loss,1515,153,19,-0.0252881545591,-0.0264690020123,True
RIVN,A2_minus_A1_brier,1551,153,19,0.00122939627995,0.00107516865587,True
RIVN,A2_minus_A1_log_loss,1551,153,19,0.00483774443215,0.00454550338126,True
RIVN,A3_minus_A2_brier,1551,153,19,-0.00189282693197,-0.00189771400254,True
RIVN,A3_minus_A2_log_loss,1551,153,19,-0.00625273543842,-0.00627052997507,True
RIVN,D2_minus_D1_brier,1551,153,19,-0.0173504287875,-0.017385210809,True
RIVN,D2_minus_D1_log_loss,1551,153,19,-0.0423065570939,-0.0424937634041,True
RIVN,D3_minus_D2_brier,1551,153,19,-0.00959845070952,-0.00970381642865,True
RIVN,D3_minus_D2_log_loss,1551,153,19,-0.0252881545591,-0.0255249029412,True
SMCI,A2_minus_A1_brier,1489,153,19,0.00122939627995,0.00122422497411,True
SMCI,A2_minus_A1_log_loss,1489,153,19,0.00483774443215,0.00478779710068,True
SMCI,A3_minus_A2_brier,1489,153,19,-0.00189282693197,-0.00166406903571,True
SMCI,A3_minus_A2_log_loss,1489,153,19,-0.00625273543842,-0.00577303852711,True
SMCI,D2_minus_D1_brier,1489,153,19,-0.0173504287875,-0.0188878321989,True
SMCI,D2_minus_D1_log_loss,1489,153,19,-0.0423065570939,-0.0458388531421,True
SMCI,D3_minus_D2_brier,1489,153,19,-0.00959845070952,-0.00969569667642,True
SMCI,D3_minus_D2_log_loss,1489,153,19,-0.0252881545591,-0.0257910992295,True
SOFI,A2_minus_A1_brier,1543,152,19,0.00122939627995,0.00112835620633,True
SOFI,A2_minus_A1_log_loss,1543,152,19,0.00483774443215,0.00454126090582,True
SOFI,A3_minus_A2_brier,1543,152,19,-0.00189282693197,-0.00189325481582,True
SOFI,A3_minus_A2_log_loss,1543,152,19,-0.00625273543842,-0.00619301998832,True
SOFI,D2_minus_D1_brier,1543,152,19,-0.0173504287875,-0.0169377353253,True
SOFI,D2_minus_D1_log_loss,1543,152,19,-0.0423065570939,-0.0410956090786,True
SOFI,D3_minus_D2_brier,1543,152,19,-0.00959845070952,-0.00955570633099,True
SOFI,D3_minus_D2_log_loss,1543,152,19,-0.0252881545591,-0.0251431715513,True
WULF,A2_minus_A1_brier,1462,153,19,0.00122939627995,0.00126045899386,True
WULF,A2_minus_A1_log_loss,1462,153,19,0.00483774443215,0.00462661857672,True
WULF,A3_minus_A2_brier,1462,153,19,-0.00189282693197,-0.00116485246782,True
WULF,A3_minus_A2_log_loss,1462,153,19,-0.00625273543842,-0.00471429258798,True
WULF,D2_minus_D1_brier,1462,153,19,-0.0173504287875,-0.0161606169557,True
WULF,D2_minus_D1_log_loss,1462,153,19,-0.0423065570939,-0.0398344246204,True
WULF,D3_minus_D2_brier,1462,153,19,-0.00959845070952,-0.0096638451088,True
WULF,D3_minus_D2_log_loss,1462,153,19,-0.0252881545591,-0.0254863639914,True
